	score
C85D8036F799A544F1E9D53FF7052E3637ED5291	0.76064453125
A114CD2BE8269D51649715A67CF1CCBD162B7AB2	0.7447509765625
1246F8179F24DC9CB3E26AB381279DDD9D4B6B71	0.7988978794642857
342CB9F77392F1D5A8C9209AB5653F50A9B668D0	0.6328125
9D7CC376BB86766215A50A5C1B621E7AF15D345D	0.6773681640625
9B2F0EE8024ACE343D94051371935805668BF455	0.6464146205357143
F6FD7B73AD9E22FCCD4A72897A93188974FD5645	0.7872314453125
7D7519CA5916FCBEB7A4F7718C4788241D47DDBC	0.6678059895833334
14232CEE390860F5D195265F5C2BD48FA31F2120	0.6898193359375
C627E330B0208C4E6B76FFC3F0F7E88F84AE50DF	0.7146344866071429
146B1E16837BAB81CDF0DA97911BC7A88DAD4C6E	0.3680013020833333
0459C020EB98E20C9E5B19E2BDA97FD69D153C47	0.78095703125
F9C07092FCFE459414B247CBD77CC197D75A4EE3	0.7496744791666666
97325E23A2A288CCC3BBE4A573375A3DEDB18A31	0.5076381138392857
5C92476076DA77EE9FA9141F2773DBD55E572601	0.69873046875
32A16F7940FE8526D0FAE509D7D5C1FBA9D648CD	0.67523193359375
70759075E651E66951252C3FB1DE7FED2BE2747A	0.7813720703125
B532704C0CA32953CCE7E95121539E218E8A4B0C	0.6650041852678571
F214CA69CDDD693F8E5658A21287ED051ACABC0E	0.80059814453125
4180FD7B47BA6CFF60BDCE305E64FE33FB8CACA0	0.7469482421875
553A2B66AAEB8516A8865664C7736D34CF1FCB17	0.695703125
7B217180683CFA38B3E35154243C49C08695473F	0.5419921875
CFC905CFB08D06BB65D5271DC23A0809BD594025	0.46949986049107145
639388343CC3FA0CFE3476389E62113AF5A0EA43	0.6788330078125
F790804ECA6495921EFB902322EA80C4314B7F0E	0.47003173828125
745B005C7CE8C61CA5ACF57C85E2CB250B33FCC7	0.75341796875
E4A2F4A95E8DD022C6DB49ECCB8709109D5E00B3	0.63714599609375
DA930671C1667A72E974085B322F9DF0D8E4280E	0.7725360576923077
3277053BC6AE6921B3BFF0C98335857EF7916403	0.7193603515625
194153FE5A5D106E9F9429FE24656AD893E04835	0.8226318359375
689E3BE79D7FE22334BA4966CC55DF890EBE2CE3	0.538330078125
44A4F77955A8CE22A193ADACDEDEDBCE1736F312	0.85498046875
6AB5E8C652B576C7EEF2C5C9091D7F6DD4D79F4E	0.62109375
050DA111ADEAEA5441609E8B1BC17429830CACD4	0.745361328125
B26E250D46653340B6DE73466E5B63A81814BD1C	0.5719881924715909
9EA11C408C98C3827412C20B7862272D7F139097	0.6861049107142857
636526EED80E89A7FC7C2AF5E70C20D2EF62D9A1	0.65234375
50A763BECDA37D000BBCBD4EEE4131B1518FBBA4	0.554345703125
A3655D26497EB8C47A53874747BB218F67028A64	0.734619140625
D98B4E140C43637980BE2865597A05DF0C91881E	0.652880859375
FEDB9EF3E48E5B545BAC9C037EA8EE72D1D69B61	0.7323404947916666
F6DC69EAFF419591C7F9CD948CF3F34C19E18BD8	0.6776123046875
7C1B20D0319C27AC6B369A718C915A8CA6A2ECF0	0.851318359375
6502B6908F2A23100F3C07130A10B56622FE6786	0.650848388671875
C3B24CD13FE92D87407B750BB8670C0C1552177E	0.6962890625
7EEFE369018421A8F1200409ADAB1E65207AFD43	0.6662248883928571
C483A8B01CE41B540F6F4D078A918688B5360F56	0.7437540690104166
2D568B411C3175FE79C24FDD1F65118A8EB2D367	0.5302734375
1D6CA49C4B5727E38B044743F7CD0331ED057E1E	0.27637657752403844
74D46C30FFA65B0FBB2435DFB18EC0EFADDB8B81	0.7388392857142857
AD3B29F1510019D351A37F68ADE5C523CDDB159B	0.6341740534855769
FB4E9D485012B78DA9576EE3A9C0567CA01CEA6E	0.6529017857142857
75FAB612546F0065D8A77E1338294CCF38A720F5	0.4683837890625
60F2AABD54767120FCD088760A53AEDC08735B46	0.8561197916666666
D9FD8775C2D065B25944CDF50DDD0939DAFA9B54	0.7010091145833334
2E53BEEC6C0B8850BD54F853DCD07CC6C1160016	0.84375
395E16B845832393AD4B652C4BEBAC2937157D4B	0.5113636363636364
F0B30FB88CCD101680758D9B9F54357F80738E0D	0.74609375
3D83B8B3ED196FB1FBC11EE0C1B364DB9F6E561D	0.6044573102678571
1CE2892FA8D96AB9103B321E0AA37339C1CB9541	0.6254611545138888
170E8B01B2ECB48AF717F4B100541E0231B41A80	0.7455078125
EFC900994405FB92A72B08A72BD2F26516FE8D99	0.78564453125
D85A474EFB2AFB53AFFF380C74B75B2C6BF3225B	0.6572265625
012CE4B5125197D5F092F3922C12E179F23EB266	0.7569056919642857
94DC928DFC749F703FC69A7A737159C6C8F73485	0.615966796875
4A0FF6136207EA5F02DD0C4220B6746F2EECB2F8	0.7510986328125
72C01D2922A060538D46489698A6EDF78B94D498	0.78037109375
1A55A6BD9823285759EBB72A728505A08A8E1F3B	0.7369384765625
DE1C22115B1CA800BB1A223A90157163F530EB03	0.740478515625
D9BD7FD36DD95915B6B3E58DCE3BAA2B7D88BC84	0.7520926339285714
EBD1619C369FD21FA277A45671B0613D614D6CB4	0.7353515625
C359E23D417910ADFECD24742B2033E26587344A	0.759375
66AAEEC98B6D4ECEB9AA34AFF03FAE37D5163926	0.7447916666666666
AB0CA1B06885AA6119E92A58432B70F268D2773A	0.7336697048611112
0AA9AF43E15DAD817612A1DA7C8CA7DD3F076B65	0.79794921875
A8445D5F5747CEA1216553F2F0B0E523B5AFF31A	0.764453125
E436D585FBD1E97B419D454AC8A338753503B9DF	0.8128662109375
CA1ED38AAE9E6C6CA00BA7227C2C7F25FB11BB85	0.6736653645833334
986F94723BF1B4472757A9E139E0CE31EE471118	0.7638938210227273
ED2E8F5FB18514B532F47558406188BA0A5ABE4E	0.643017578125
16E394C66B3D13F75E83F03DC31F2910AF24E1FE	0.7767578125
7D8B26460BDF7B52F9749FCC415CD14CF3C5ADA6	0.284393310546875
EBDEBC02F9010179DC93C8776DBBE5C0C39868AE	0.7619977678571429
BEA8CF6BD4E2DF1229C5DC4D896F49DFA398B423	0.7121233258928571
CC9C7D4840014A903E96D76DDC92A7C97C93354A	0.5853068033854166
0ACF45EA83C51E697E5BA2AD4F16E9666CFD84BB	0.7001139322916666
758F522D1FA5AA44A6C41C54C2551A2662A8A654	0.7887369791666666
B888522E54A2DF7968361C01C5529540137CC3FD	0.702001953125
21107E3658F613302E7F635DE18FF3ABA903A3A3	0.73359375
1B73CFC487A670F1242D4037BC682E93E6126369	0.7364095052083334
CCE2EFCBB7FFA2F86BEFE254A6ADAB8F4C3E2311	0.7237955729166666
FEB76081E167168BC7A60604932F4B6C7B89546B	0.6896484375
DD4177080DDE37697220F8DCA15E5F152EC4DFFB	0.7099880642361112
EF0C2710D79D7AC96E5F589AF29B2561FB9490C3	0.8045479910714286
62A74B4925B24E61F9BEE046CA23A02514CA22BA	0.7161458333333334
EB1F272DA722F189446E34087BA5D8001A439A4D	0.698828125
E964B87D9D803323AD7564AFECA93E323D2DCDA3	0.2878459348516949
F693F4EBDBD03D355AA3FE73D30766F9BD7B9773	0.545947265625
B29FAF9A9068734D20161668DC8D570DD7BA9C50	0.3807373046875
136AE9B8EEB83A27D0B33975CE7B4EAC974D33EB	0.7225341796875
98DA9DBCD0B05D641193EE6C4ED3CB573169727E	0.5758463541666666
0175BEE277C3AEE233A70F50E734C0D64011C659	0.5912053034855769
E710B410CAB70BD0EE280A34DDD1A522DD144335	0.5593109130859375
095E5899FA377BE524F0A9DF028BEF2F98D83834	0.7401646205357143
200D9C25BF3F0708055BB1394A3E75CE478677EE	0.5685163225446429
ACA78CA023435F984E46C8E30266B796A2B9921D	0.7788783482142857
333E6050BF6A6FC0E9C5D2873EEF3903C9E2D73C	0.6071014404296875
F20DA7971D08AC56EF35760C7D98760E926C1BB3	0.7955729166666666
A335A0EE899669DCD7C62DE9DA555FE937669527	0.76611328125
FC7A443E176B7A74A20CC2123094B9565FD30A4E	0.8284505208333334
19DC297F4E2136903FFEF0A7F66372127BFA8099	0.70703125
FB7C76191D7BD0E958785ECC329EAF8DEE2D62A1	0.79443359375
44D511E7CDB40E3FAB8D827EEC7D2CABA6230020	0.74150390625
C58D42FD3A5FCA5284CADDBC766158BB11010737	0.776171875
BACA5C840379E28F3AF472CA336084252B283BDB	0.7151692708333334
CB7C1F333E418AC57040EAEDD6A11B40AD838BE4	0.76953125
674268074A5526E87AD44B05BF66583D5F7396E8	0.4469129774305556
402A47D56DDACF98027EF2FA9F3F20A4336B6C76	0.5804036458333334
5D0D85A0C9D5750077137BD3570A2DD830D70EB4	0.7646040482954546
330B2725D07CF3E56213D55E74B3A55E449AB88B	0.771484375
644FDED382BC3012D326EF7068C5D98E960AF47B	0.6631074793198529
15BFA3AA49D1ADC288A3E871DE968A4F4C027BFF	0.7577039930555556
ADDE0639CDB5D15C7526414A0BF2DF1CAE0B4C08	0.7257486979166666
94FB2BCDD721B373CC88A11F01D473834FEAFBB7	0.67626953125
9FEA436A0CBB7B68CBCC33894ECCAC3183F11FD4	0.814599609375
B33F1EFE970FD61E660CFE375E6351A32731104C	0.746337890625
1855AA7B74EA6A1FB6546FF2AF64EEFBC1231D48	0.8570963541666666
BFC2FECB8C3AE9250D644B70ACED5085534F2E5F	0.612109375
B0ABE592785DE73BBE5170BE87E536FC8DE1977B	0.7391764322916666
06FDA76F479267EB0537685257A82F54DF0920FC	0.706787109375
DF685A93C76915F3D5DD98E0D9DA2984E35C59E8	0.6593017578125
39776F664E8CCF100D9FFE9C5E8B7371842526F7	0.5419108072916666
EE4D43C5087FDB60823681B5C5AA960A93DFED88	0.86015625
E10B4FFF32EDE7AD312D53D152E099333E2F781A	0.759765625
7F0B8D9B4E11BC81B786B71A4BAA2B321CFB1588	0.71337890625
4E7E6B91F41A5BD9C670C4A4819E85CC2359DF36	0.8077392578125
23E92EE185910814AEC7A022135A90F4BCAC07A8	0.806396484375
F9BFAEDBBAF68245484AEEF16CCC863A1EC44CC1	0.774755859375
EA66A5D01FC2D34F446AE2C16D720D411F0851D0	0.57138671875
BF5E5AFE9C4BA6419A7F1959250C451D6A763E24	0.72705078125
9A5C0A119E0D2AEAA857D730E801A84561749B60	0.6180419921875
4322BE168FFB79E0430BCC8F86549B1BFF6C0C91	0.4737881747159091
0323075C151A1D514E9E612E5672B2D13509A12D	0.7239583333333334
51DE736E5088F4C9A8EB1F9A7B811CB3DD4DBB42	0.69390869140625
51847D0C0790B8A12CA34EFD5E1EF71401DF81EE	0.233306884765625
4EBB38584F774F8B3E099E6E1B8B1C086A0ACAF3	0.6580403645833334
EED1330DA2FAD168E360E6B7547F7F8C513A8D32	0.6625
B456C0CBFBCD1310F2552E1762F107C37630C9FD	0.6568603515625
9974F9FE534D1F74C1A2459F8BAFAC8834F0F472	0.70810546875
D59AF093A8DF7584865444E894572432E6FF2C2F	0.3514927455357143
2B2E9F3E92E75152B7F934971BC357553338122A	0.61083984375
F217F6E9702189893625317BE1612FB88C5678C6	0.72763671875
87966C9B6C61AC2215D6E8EC896708D0B4DE07E8	0.6964518229166666
995CCC6F3800F53EDDC942B131D4059229384961	0.7278878348214286
C44C7FEA3ED9F23838580486532BCEA0761F11A6	0.68505859375
8B258A9C1537380EB8E2F3AD2D3D9B6D8C0769DE	0.8453125
5BFB4BF1CD268D0E884F2F2B1C14937545508BBD	0.72607421875
F9BA664C1416C52E9EA1822FFA59FE45BF5329E3	0.5625
0D6136C20FF38F2BEA6D93E09C4E42249E2854B9	0.8157552083333334
4D9972E5E7D9E06FC90FC8FA0B7F6033FED7B194	0.2813350132533482
A1AB6F96E8C72C5E343037D623A8D4B1B1DE6061	0.6912667410714286
C9FA90F42721F1491909EAC17F53C48EDFFA0BDF	0.32331399356617646
A024D6351EFF805B408EDCA0BEC5E6BE7668EDCE	0.71533203125
08AA248EF68F62CFA2D0FFA39A1FCB7D3678461A	0.7552083333333334
EC7DB2E6E290DC497736E192E81A1F7B25B24CFD	0.5029296875
685A2BAF8BCB5031F24757D3F6CBCDC84132B935	0.680908203125
A32CBF9BD69695B2AF8C6503982668C8C164D3D5	0.7753092447916666
5BE951FA05ABE95582CFBAC3180CC9C25850DF16	0.790673828125
F47497D5C884A297FE55BDC8D8938E72BDC2C04C	0.72314453125
3F2C1FCD6E8B482FCF14B2B80E14EA5ED7A068B7	0.73837890625
554A35ABBCB29665C43A4E94508FF3823ADD399D	0.7959681919642857
B692E13DB88AF5D7B9866F4CC706B1AFDC2E7645	0.7892020089285714
9E3F9E6F20CA580D592BAE8E6E20ED6F4FF2F4CD	0.79375
3C3AC8A088EB69397294F7D74C8CADC682CB4376	0.5238444010416666
44503CD5A1338AB28472E9A30E59546C23BB3766	0.711279296875
9EC6B079FA6C71FF6EE6DF139955F3FB74C982E9	0.8181966145833334
B84BF060C6D97215381DD1487202D3FC6999BEB4	0.7896728515625
706D7069810FDFB3F9172B84C36059511F2B13A0	0.760406494140625
DB6058833D0A7192D9A40331F4AEE5F81F4ADA5A	0.6413330078125
6862B653523A99935BABC9B0E16B6961299B1D13	0.6509835379464286
BD374B8C54E01D2481A9354DAB218FC06520EDD3	0.573193359375
05CD8330F5C9237E9E8C30270DFC22D3C892DB05	0.7652994791666666
B0A0EAAF2E463656C12F5BCF1CB575506B6DA035	0.6873372395833334
D91020158CFEB7AF062999E6671A5B254CC87B2C	0.8172200520833334
5A8AE360677AE43053E4292DB22710065567E77A	0.72216796875
16DEDFAE50404FA2A79BA040E5C58B478786AE23	0.6820746527777778
7B76F2F393B31B203473FE09EAE2DC19E5365877	0.6669921875
9A3C9CCCC6402EB42391C9AF9CC58E8D9C1FEE80	0.76556396484375
409301747AB41C04526EF289820ADB0DCCA039B0	0.74267578125
FF60C81EE53C4D54FEFB8D922C14DECCB2080A4C	0.6554361979166666
6D27A4449879024C67A0BA472B85D34DB8F58205	0.685546875
14593A1610DA91026A789C2B97BC4EC20C7F5DD6	0.77294921875
91BCF9B7C8377BC39DA4512CFD977367D7032875	0.819091796875
52AD49DCD25D4262819465FADE1C18323F7A25BA	0.5358683268229166
A4A6D9F0A35A6C5C63A281CA97EE6BEDDEDBCF70	0.6546107700892857
5AB3544D680B80222FD01E954161AA581A339D02	0.686767578125
9164F08DAF19120AAA2E6DF341A06039CC826E95	0.735595703125
B1A31B8F65ADAAA4FBFBE9D4865261CD07F3E42C	0.7477678571428571
A72E7AB7F72EEC058D211FF8A954F321C8551F62	0.7474365234375
2530AD751EC55C23554F861CD81B8A9205A77CBB	0.6912163628472222
A825F9993C5D3FDD6E05311C28E8418885D718CA	0.5773577008928571
9EA24AA9FF93B6265DB09CE88666C183F4DB8CD5	0.82086181640625
A83F8BD365E761BA0A14F195E594CD82C9C72497	0.724609375
D25873438181C3E82DFEA8625D8959EA79730F5C	0.7413330078125
7774D85120FAEAD6EC87B3303D54D6122E9C08D0	0.6810128348214286
69C97DC7CAF411C4D0AC4A0B2901E95060F7FFFA	0.36556441695601855
34F5ADCB411832AE0FAA6E944A3CA5B227F1DB42	0.8284912109375
F49B1808B2F4CAD02E4D3A1455F706428947485C	0.76376953125
4F41229D04554DABB6DF74AB9D67B06D6FA8C69E	0.78765869140625
772B31A040CAB0D47D26C4491115BDAA6D921EE4	0.764801025390625
39247B8506909F845484B69BDD90700FD3289F4F	0.505615234375
0830161B871DE855D4E64EBFB3EA66FCF84634FC	0.6856553819444444
84E832C32FE1371C2B723E0C0D4871BCE69B3D75	0.485595703125
CD5CCE103B69CA988B1CA65401CFAE5E7E58EC1E	0.66241455078125
A895D87D498270D887B912D91B3D28BBABE2C90A	0.755859375
8C0CBFA69488105290D654733FFACCA5137DD1BE	0.59912109375
A2A1CF50BE3A8E64190E1C4404DD0C55E3F6E104	0.68768310546875
A2A433AEE2D6C70B6EF5E2092999D0EBA73AB8C2	0.6620551215277778
3D3104A65AD196C89F1AEA2EBFE7A5142EBCEC8D	0.609375
732F5CC22284C812D5E7B125AAF3175781E2636F	0.5365397135416666
4B33CC40E0D663664CB98CD3DECDFD6D9042DE7B	0.7626546223958334
61328DFD5987C8ECF65AF68FC48B1129F6F7E439	0.747802734375
08E7A6C138F3943174697C95B23A0DF6CE9CBFFF	0.61553955078125
F9821999DFF8FB49A30A0E998FC4662B1082DD28	0.5908447265625
EEFC5D9058C0A55BE1A0BA16929606252E123A76	0.80400390625
66E7D9DF4E8480EA5AF89298CB860F3BC4E28E13	0.7173828125
FB6A53C2A2C5CAC0CF9311B3E987A8D9D48AF5F3	0.59326171875
A7071574A19CE737C4C25941DD4AD2842B571D16	0.7097981770833334
A5BF8E71F240BCEB293EA35707C94306029B5DFA	0.7462890625
63AC7D234E87E5AF3011E05CD56A8B2B15AB6E06	0.6865931919642857
534F04C4253F8E5448B938974E6FA3C5842A475A	0.7166015625
F60F5908C482DFAE2E8558C787354934AD1D9737	0.7238420758928571
C27328F6F25BA86C2C4742B99A48BF10CEF296D1	0.6562906901041666
CEA94EBD1B0A71F6E2C41F89BFC9A0C6714899B1	0.8134765625
5BA254F769CE54232B8552647D0131FBB5709122	0.7275390625
CFD98361B935E89A01E090574FFC3F7226BB7682	0.6427815755208334
8CC66AB9A284F4580734D2125DB97F7486F05536	0.69158935546875
D2012EB4445B144477C5902E8D66A4BCD9B08336	0.6993233816964286
BAC89726EABFF270F624FD59A353B4290B93F858	0.830078125
AD1E0529696630771F6C468367391070B7680F1C	0.58935546875
27F55040BC33964D2C88893E49C289B18B16BCB4	0.65277099609375
F46E5E3F2164D4ABA4C9981931DDA1CA699889D0	0.71923828125
5841F339C2A124EAFB0CB6F52351AD122C7CB8EC	0.71044921875
945888E7F2C7E541EFAADFB51283DBFB78E2F297	0.7337890625
4EBD9A9E6562A91FCDB63BEB71ED5AD57365940D	0.7140066964285714
E1AFB26F9811FA105F4574BD059BF7535924A07A	0.68597412109375
38A586F39CFCCB2343E5B1E723D13D6EFB13E2C5	0.66259765625
758F7542F4363807731535B6A033AC682BD5F66E	0.7301025390625
F853E9AF0BA3DE1D5CE3C1900520F09B1D4E41C9	0.5885532924107143
1A18AC29A992F59C439A0272E5D8723215806AA6	0.7720703125
7AFDEAEA57CB2C1545D115528D9F0AB78F8E127F	0.6808268229166666
FFF24CC6A0D09E084F794F281A0DDFCBF588EC96	0.7431640625
50DFF07D40F62E33C8EA82EC98EBDD0CE8ED54C7	0.6829427083333334
5444B764D281C5D3E11D0BF4C04E3917480E21B5	0.6136338975694444
0961E05D6C703537E18DFC8A157D26F0CFACFAF7	0.7945667613636364
805CF7005095664053A5429C9A5B58AD0AC341E2	0.6993815104166666
D075C63DC71AE7CC74DB096150ECA9DFB9E98979	0.800048828125
24CCBED04C46282C5EE64CB0DA16DE46812C95B4	0.8052734375
A7EA2DCD8E510174DA5A1EFA8FEAE1EC0CFE96B3	0.6416422526041666
A88C34BCF05BB65DF57CD0571F80D514D83154F5	0.7594168526785714
E922F10493EEF46F82F67306EE7BE9FFD0275CFF	0.7568359375
5FE5E0869351D55F163229CEA22CCA09241BA0D8	0.6847330729166666
4D9DDCA24DB15F542BE48D1122A1649D4649EA3D	0.707275390625
7E8EEB531845C4EE1639F3B05B7DD98D2C3B4D1E	0.7376883370535714
DE856AA6B6027456640226159098F294E90A972C	0.66650390625
B1EECCE9E931E60DEB212D6F641925ED256AD1C8	0.5752650669642857
7E76054730B8C83273992575EF081B1B133F71F4	0.7080078125
F72A727393BB8C076CDFF7BA2FF2ADF2CD7422D6	0.6995442708333334
5AE9758FB450A76F8EC2B0DEA437CEC603F1A1BB	0.6459147135416666
ECE178AEA30FFF8F44DC0BAD2E4FA232DF6F82DE	0.72216796875
3AEC827E4CE8B489880792944A4FE744AF12CFE0	0.5698394775390625
F4528448FC7EB5473B8EB309CB80D925730C6D5F	0.7962472098214286
0AB0E8E86BCEE78679E2698AFE0EAA6B6390D702	0.7928059895833334
0B9C52FCFBC28A93DE35720AD033E376CFFC5BBC	0.665374755859375
4DED1DEECABD1E410407A7C5BA10351EBFFCBD50	0.38770751953125
7AE5D60D0FB186DF361D363C601C63A6A482DCB0	0.7317243303571429
65D516EA6B240527BB499BD6248C00D3CADA5A8D	0.6827799479166666
19B4CA4DDB16545F67945547F5FC03D16717D088	0.8033854166666666
18F7FC3477D9A7A2F67CAFE32FFB3FC3EA854553	0.5606282552083334
F307C36EB1262A614625F22E3E4820A702C4B737	0.55157470703125
76979987D6B9F8560B4EE1124A8C5026A60570E2	0.82440185546875
DF91639CB34109577BC66BDD818CE1BF0214C13F	0.7878766741071429
A3A89B2BFFE902DE5D3F34365CFF7B74F03455CC	0.720703125
5FF4FF85C132A81180E79AB242495F711C4EB2A3	0.34530203683035715
4A1FB21C0DF6F545A885C1BA99F5981FFEE8ECFA	0.7752278645833334
90290BCEB3C8B790DC18F4ED9F913A3E35487DFD	0.7654622395833334
0495A99192E69EEAF70D61132CB8793E689A3D2A	0.7578938802083334
8CC47351825A02078861EE487B62F95003F8E27C	0.658837890625
5D4066301E7C945D73C72BAB0D4DA6B0E32DC7B0	0.6426595052083334
0192599E115B575DF3DF961D5EFC71E16662DA22	0.7418619791666666
6795AF463D5A58595B5788C17624A61D1229FA8C	0.7068684895833334
6E34DA3097DA46F0E0A4846871DE6B30D9AEB35F	0.7615411931818182
C3529DC45800C89D361534D4C96F8B2DC9DF7DE3	0.7556966145833334
A7FF277C115AC3AFC5D9400FA9155DCA5B10FAD0	0.7974853515625
4AD71A11CBEDFAEA875BC3B8DB493BEF91710B84	0.6873046875
5A414896AD1B194E9BA2593A841D2DC5AB66CDD6	0.7823893229166666
AEE4FE41F3E2C92DA41113D6DF1B0DF8866ED82C	0.28524940892269735
3594428744AA5964BA3D93175F57A913F4679D41	0.5779622395833334
603FC422F91407F031EFBE6477CAF4E9AD4BADA1	0.5889892578125
795BE14575DD106A3AA3DEDF22E63FA44A4D8AE5	0.723388671875
AB8448925BAFB6A7E3FF0DCBE8D932EBEAACB473	0.7531389508928571
BBDAB2C51AF60ED046B4A2FEC295D56E26C277C7	0.72578125
03C04DCA900B660837BD4AACE4E883E50F3AA927	0.68212890625
861E6ACE0DED14307D461981E22A2627D854930D	0.80810546875
1FC4CF5E867F0CA5C5B8B48D0478C40C5F9E0CD8	0.71630859375
41D688F2267F10E72D5CD3C429DFB73ED33DC9E8	0.754638671875
0A8AA7A9D5C5E3703E070F4467BF61353D00F9F6	0.63079833984375
EF5423881B2B9CCBB2DF9D356819B7204312C82F	0.32648111979166666
5B2C0B092D7B3B10857D874523C20067CAD45AD5	0.600341796875
F63B26CA30FB2A77B679A79CF034E83F7D3835AA	0.519091796875
3324F13EF37FCDDDF510E93D4AEBC8A4D6BB443E	0.7293294270833334
A05658FF1D511F7A00F2E1F17563CFFF81EAA5B7	0.7374267578125
2AC9086E6CF10165D3082A37A467C8C48E326000	0.6598307291666666
5CD4C5659611AA53A48A7FF49B499B24D88C1535	0.7115342881944444
FD884EB754132E3E1EEE0A09721ACDBDEF20BB7D	0.7910563151041666
5BA04F4AFB899A5456E9A89991EA33618355B852	0.76591796875
D9C683F81C36DB4DD5505C1C2EB2B33EC995FA90	0.69873046875
8AE6C3952244E39CFE9E5E0863C30D8F1D976CA1	0.7479248046875
E95D490441A1A44E97582D1FDED412BBE67F062D	0.7709263392857143
4E2A8368853EF5DF47FD3D872D95CEFF7577801D	0.66717529296875
021A019F90F6D742D9653795E33735EE511EFE28	0.5228271484375
91D6B8BC6FD638E107FD4A1EAB0EF309B03047C5	0.6734375
51E56326D078A7CA950875C7A48FE104A5805C76	0.7484130859375
96F1989AEB7D182CA5F4EA698588B0E1032223B2	0.61552734375
25E30653372F215BD6750E5B206C2FAD51923E73	0.796875
A4657FDD9C7629B318047C8195D0B77A58C707F7	0.7362738715277778
9CE3C1A7FDE1F97BE3105523153C1B8B9DEA1A56	0.726318359375
80661F2E5B61E7AD82257B9FD7A426E3F93692A6	0.66484375
87803D8B238913A436F615732C7567BFB2CD731C	0.57916259765625
2DA5694C82EC7236FA7F4BBC7EA079FD81354D56	0.8145228794642857
3F1D4221FA6A6C69CC95BEF94E820B5F5DE1EEFD	0.746337890625
95E10345969498048F1DD8969769702509C4E60D	0.61806640625
4AE2CFDB0F942039E55F1ED74471C2B0288B0A92	0.7652587890625
BA2A5AA1CC5D431E87F7001B7156F6D6BDDE5A8E	0.7620442708333334
B2685C9CA8E003920927ABE50DBE9D4A2FA5E236	0.76455078125
5DCFD988E039FAAFD60D52B33DD10A61BE33C7A6	0.703369140625
88BC965636A16168345509A705C59D3A97E8EA31	0.803125
82AE49EA6A96B426C66072FF1C84E6E9450BB7C8	0.8006591796875
F63B60BD93BED600C2408736A975B06E11926FF7	0.6544596354166666
25AAB5647A76CF56EB5826571D98556292882B43	0.7599826388888888
00E49036208DDD485ABA2DA590CA601CCB95415F	0.522216796875
F0B03AC18F14527A77C8FED53623AC560AD6D235	0.730224609375
C431E8857ED2C7FDEEB905ABE73C6EA791C61CEB	0.75322265625
579F0A5663DD283EDED626135E2AC31267495418	0.545989990234375
FE065EFEBB6F284D2A467B6CA01C124D5668699E	0.7959681919642857
E281CDA165BD64568D2A5454B99362E8BAB9DD12	0.6920166015625
82940894EFC9170C9E9C825AD28796B4DB3E2B78	0.6072998046875
05566D9AAA6B8F04F71A2EDC9E2D2CEE694B5C2E	0.79296875
9EC1F2B7D93DCA9FC67EBE7F90845236AAE042D2	0.5784690163352273
916290C24DF088EB28001F13B36696D017751698	0.81982421875
87D22DA3BE4489F3042585253DD8A48E2CE8F21C	0.5860595703125
43B8381BFC443D9D98BE0E6A2269F470AC1B1E6D	0.652685546875
234EE9930E730C16C6E70887EF482CEC487BFB58	0.65322265625
F0A5572AA28560BF0CCC607FF60AEB27D5947166	0.8092041015625
C1BD4C30177426A2C83F5314C98984BAEF4A6E3D	0.5556640625
D1DA88387DA7BD278D18E1D578C55E17BC2779EC	0.7152099609375
793BCEF6328B971EDA34142835821D7182D9EFAC	0.593017578125
059B19873B603FF1C42BE3A1B0A546EA63E4F9BD	0.7551047585227273
69C62E5AE324B20A08D9E692D7E4868A7920277F	0.66510009765625
FBAA08B38AB6FB32238B14357BF7ECFE03ECEDC7	0.7644856770833334
228B0820A360B43AB915DAF17DA3735F02560782	0.672119140625
E1C50C831DE9C8CB575E3BA7121C7EF76DF3F0F1	0.731201171875
E8685C2EA34C4D491D382C53ADC8B09752454036	0.77841796875
204BF42E9AFFB81FD3D5E58C11083035B9CF7E8F	0.83447265625
7AC71F35CEFF0D9533995DDF02F97998401C3716	0.723046875
5B705861F449FA68AE978A15D68388FDA42AB65B	0.75341796875
13B1069E37A2163DD60CD7F5699753F1E0AB43FB	0.775537109375
48EC35231EAE11C6AA6E37BD9C8245D46DFE7C11	0.72509765625
F2AB79C880D14E46B26FE583174EAF96FB965921	0.6865900213068182
6F9BF78FD8B5BBA0A75FF2BF12071ADA483EB1BA	0.716552734375
FE0A65C545AD1E3641CE88D63D28E610DE41A9FA	0.77353515625
8655F39F3E467F0FB3CD7B6C3220AEC1C357BE23	0.6909993489583334
B5273B5D4946D870A8FFCCD6CCA93F05A92AB7CC	0.70107421875
29B5EC2C41EF36A2F3253A51ACBF368B7EF1760D	0.7732747395833334
76508D736FA9E8AB129DCC1DFD32EE0F9749083C	0.7474190848214286
89E367FA6D2C450B6976349527C30597D6A00105	0.6978515625
A048F624E847B3BDD05877D31E6DCCFD4999919B	0.7742513020833334
596E14E85E2706DE4387EFD4FA14DBD4A7936AF7	0.75927734375
525CE637F26A27B18A5FDDD7A46ED6F07AA1A365	0.6863606770833334
7C530C52881996BA54BB38CEF2B5070C5F80DDB9	0.63287353515625
8C3B71B4CA438CAAA72D471B409AC4746918CB67	0.7298828125
41D222F7F3BC0DC655227993C5B54B4115E0E7D4	0.8026123046875
5633BDB8748F3F288AFEED443EA376657B4E6145	0.7559988839285714
313739103B1883851EF7219FF62166182862B188	0.760009765625
DD3F0BA9B9117B31B4469BC98B21FE5E720E96ED	0.7369384765625
B701FC7A2CCF53032F9CD5A34A748B23E3A75DA4	0.6904296875
C3F85CD0359C57F1E702191C7567C927AFB190DB	0.7696940104166666
69A2EBBBA35BFAE85FCD40DF83C022B98AFCF2EE	0.83251953125
1E5BAAD5245E17C111A574D89DFCE537A5F33B64	0.654327392578125
987A0B2DF53578E81DF05FC281E1105E9EC9A18E	0.8091634114583334
C6C7924C6041A7FC7A9713219C9C5CC849AEAB56	0.70068359375
64B7F781765B15E975AF6B1B4BAFAED0143B9CB7	0.745361328125
DB4B5E097D47A9BF4ADDBFB9CD01799359476BC2	0.682373046875
4CAC1781999AA079E6E6477D686A21EAE12CFCAE	0.7106584821428571
DA1CE235F8E403C3CBBEB5AB8285037DDCCBCEB0	0.7034563337053571
70E295BB4186D1220B9CA096D1346996EDD34F99	0.766796875
42FD2B778A9B4407A2F80C337B7695C972CA9763	0.7024332682291666
0F66F316C13199733B31286713F5F3F35E35CF54	0.8091634114583334
063411BADD92F7E539A1AB6B07FA54152AE60ECD	0.8033447265625
0A5BD91B659ABEED7B60552575A270D1B1F62B9C	0.7643229166666666
E487561F26720D50A2A0EF6091E1F4C34D77B5EF	0.8323974609375
A70E94602499681D3E4ECB166CE4AA4F5F5552C7	0.67119140625
2A29CC95FE58DF4F419509D93B7229A24DB325FF	0.6733551025390625
C77795424BD940BA43EA806E6BC7881BED42AD61	0.7560546875
97A30614BAA7DF8EA973DD8AEC3B5150F4DA6BD1	0.8328993055555556
0B8818FA611C1E031E582EC61A61D94733DE0FED	0.6644287109375
E4C3D563070EC9EBEC0A516FE277EF6D81E6FB68	0.77880859375
59BB9068306337FE7B916EEDD2CBBB5706CC8315	0.629052734375
622E70F8EAFBDE60599390C20EEDC1918B2EFCB3	0.6147286551339286
4CADCEF18D16EAABE6A92C47E7D9CC494A521B38	0.8486328125
FC5CF10241726706923498DDBB9451C8F925085B	0.8282877604166666
16B3A52834B3F240D9AF62FAAA78B00E5DACD7A6	0.656707763671875
4421E690C7192C686D57F4FF54226DE74D5CC2FB	0.57861328125
CD320FF9EAC0880978AC4F9B1F638B71ACF09CDA	0.7083333333333334
5BD7C72987153CAD1AC164B7A3EC498140F7E5E5	0.7379557291666666
B0A7AF5DE3CEA71202FE8FD1EAA257DDE70D33DD	0.82568359375
373640225995978992FD435123706B5538649EC8	0.8089192708333334
1C8823F76C1309A1EAFC62B64E3565C7F9F17167	0.5248209635416666
9EBDE1FDA3D35E2FEC0F2E1731AC2C9063E7318F	0.70556640625
2491FFEED4FAF7DE0E029302BAC615303D1F2478	0.6454380580357143
6A17D4AC39CA78AF1A185D72690428CE9CF59A6D	0.7573590959821429
5815FB6031BAD44AA1F3133831538075200A72EC	0.7547607421875
0EECAA88F75FA2DD2524681D309340326A7DEA24	0.57220458984375
8AAB45C2AD08C3E612AD2D516C067B9BBFEF4E10	0.5799153645833334
F178C3188666073D37520DF4E4E592DE368BD3EB	0.74287109375
B27C497629DD148CB8ACAE93EBCA5C30A8FED47F	0.4997151692708333
C933918A6BAF9E70D6C93739CC99F636BDC6C26C	0.73974609375
830997B2F3529CFBC8CB0967FC34321858687413	0.7896205357142857
52BAAFAB6BB5B7849425E86B1159EC3D4BE12CEA	0.546875
D844A3115ACAF4BD497E26928DFE6EC34A136A18	0.7210286458333334
677060C23F518D6DEEF7099475E102391DC80D2F	0.7117745535714286
B2776CF0B2B69BE041CD45D2304938FC3F921442	0.7237025669642857
A61367B6F8215A8E594233CB116DCF07513E2E61	0.6533203125
9183590FDEB3A601C29C3B24B61922AD4B963DBC	0.7447916666666666
983EFCB0AFC69441FE798811024BC99596D96E63	0.6568603515625
21BF84235C67F7993E077BEBA060AE0249B09F3E	0.7659505208333334
EEC7BEC39C30E248E3F1CB6C672727CA35F39CFC	0.8327287946428571
BFEE5CDDE0594D84C605E202C643B50A9B30FF06	0.6439344618055556
2358EC2FAD75DAD510035FF3B2A526A01852442D	0.7264229910714286
E091398ADE5D6D5ABE50EEE2FF97565830C34E02	0.7096819196428571
BEDEC81F5994BC648BC29B4F1AEF93F71D25D109	0.8294677734375
1CA17A924055B1598A41432EF228B5C38800C66A	0.7917209201388888
6383466FCCF2D95A7384456178F0C3B09047674F	0.49365234375
FB30A66E67E21C3EF419784A149176F785123E48	0.6769748263888888
3B87FDB5CE857A6FB686AD30F9F9BA8DF35F0FBC	0.77557373046875
6ECBE9D761D50F780BC94F23FD93137309E99F5E	0.789306640625
E3A1F6F57F5723B82A9E29A67B1A1E9279AB0466	0.5479736328125
BE7189F366270E09DFFEF5297824DACD768A21E1	0.5547960069444444
B5AB85FD15C6D563FD52069E07B22B3D6D6FA6E2	0.5159759521484375
4CA148FABFE097A0628816E7D47E5E0BBF00ED54	0.8019670758928571
0BDC54AA0272A7DC349CB99ED7F8D8A5DC8BD7FB	0.7647705078125
625BFBB971DFD96296DDEF3BA1F70FE98808302C	0.7674560546875
3884B7C36F5A3EBB5FDEA8E4D5B955B38C7C11E3	0.6466471354166666
55E01A1AA5A2C710BA35584C1D453A91CF54F4D0	0.6095377604166666
9D1757039B53369DA51D16EA33699A89A48AEB0A	0.7174246651785714
D032B100DDEC4438BC97656A9625327670ED7619	0.774169921875
D1CCF9885A0BD72745654F8A0471C0774D5ED718	0.57177734375
9ED7BA97B6990FA2195BD988F1902B4DE3C2C681	0.6966688368055556
4900465CD35FFDFC51594D88D5EF22856E47A0F0	0.5620989118303571
20E0952FECB8103CA06D2618715BC2BDFF37F5A9	0.7941080729166666
BFF578C02CF42CA12C63E4C7316AB1857FE31203	0.7787272135416666
3103F4FDEE20F80F65E753AB12C2E03E4C6CD6F6	0.6732421875
517AFE7CAC68AAC4F5F5E836A0761B545C95D010	0.6214599609375
45C8ED0D14377C4CFF7F2F9073C8E1B15A570116	0.7046875
ED915089684CD3445445CD5B83948CE86721A1B4	0.7604631696428571
54F53F3C9E8A643D091E773CDCA56137C356F9A7	0.7529296875
0F861777FEAD6B0E6A2890064B1A6C25451BEB5D	0.7421875
0BE9C99019314973B79E7C866F367D33496088FB	0.7254920372596154
0F836E591F5533C474E2F960A6B904B36971787D	0.7887369791666666
743D7B69F1BE2EF6AA13DDA60FD36F9515BA5316	0.74591064453125
F4814459BEB139475D976015F273EC2B2BE6A452	0.7486979166666666
2CBFF098D3AABFE2C20B3DD8959110C92BB30B7D	0.5406901041666666
F9C72982127277ADB7EA49E0961607588449F862	0.490478515625
A12B7B17C24EABA0319CA0B1E32682B2C710E889	0.77001953125
429854C22898863F3C29B42947482DA4920F8147	0.7484654017857143
06EF11159574A6AEC2FE1A7313D2136328FA67AE	0.68994140625
BABDD31596EB7220AAC11FB7D8ABF372A0F44AFC	0.736083984375
46CECACC7575DF91E0846230A4E3FE3E7A862658	0.76044921875
6575FB1FA1D889BC464A55F694575FEE67842528	0.77841796875
6D2B4A453ED9C02C84E137A29FC3C1B1963AABB4	0.534454345703125
93CCAC0A0A11B1AEB65FAC828799E550FCCE1504	0.8194986979166666
4D94526C67A8BDFD38F583EF314A170DCA490650	0.7447265625
0F26ACC804C46897F16B79ADE1CF4839C5562901	0.6709650213068182
1BA403587A0CD18373AF9DAFE5CBD2FC6C143491	0.6520182291666666
F54E1B5C60D15C526BBB7ECDEE2A1BAE0CC3A623	0.7903878348214286
43B7A52664AB61C3C8E0EA2ED92AA47F11567E14	0.6767578125
132CB31FEE74AB895B99B601F1E8ACDB2C21769B	0.711181640625
0AD49BAF877E4B0D6BCA3042D0894E61FEB6B071	0.689306640625
DB05EB06582AFE13EFC42EF064520DA7C4C4E820	0.6478097098214286
114DEB1433AFB7FA793F45AD06229EB261E90F0E	0.77431640625
EF1D8EE8F01F5FAE157E817E0B41406A6C70366C	0.7556640625
27589CCCC9DA88B29BCA5D8F080C5EF4C40F6125	0.776123046875
0B310379E63C51F060B00A81B2A58BD1D5C9DED8	0.742431640625
038239BC9A83C64738B8266E4894005815DFD408	0.643359375
2F75BD47C3E2CF4BADE368CA50DD298D3079D610	0.768798828125
3BD7FEC1FC3F44ACA4E3CC3D46E76D26DA7F2952	0.76943359375
D80088E42939B234DBD48D306152104C549CE1F4	0.6409563337053571
EAFA21DCCE4C41A1D7A4F12E99AC94EA961FFA62	0.7646484375
AA1778A1A9C1D035C3DFCA46BFDA77020DDB28A1	0.562548828125
E29FFFABC7B075ADB33FB5DE6C7E5B8FB3213991	0.72119140625
B9526FFC67B9C59CC4B501EEFEBC5E44022228E4	0.7736467633928571
5AA5F897A9AC4C537285D15D6F5192E61070FE23	0.7554796006944444
34CC13A5899E01D96EC6A6888D8FD62D75C052F5	0.60546875
58496CAF45EE92AC6329D0241BBA71FC14941851	0.7982003348214286
76E5B0CDAB7495E36DA20BEBF7802C1A666A9227	0.68865966796875
511D8773BB36D71DE22B807C31BEA3A370CD022C	0.7314453125
00821688922B22FC645E397C106F9DF72F8DBA07	0.7428977272727273
CAE679E494CD36F5A28513A2FF7AD9634DB5A41B	0.77154541015625
62FC4DFB9B356EFF3FC4E6861F341899DB67AC18	0.7273763020833334
CA3C1728B5BAEF797848BD06EA50559DBA32EC93	0.7822709517045454
4699A8D246784660855DDB2F2944CD83BCDAFE90	0.740234375
BFE1882774CBAAA0118B0FB8B53F5F1F3B97698F	0.66064453125
2DC031EF4C0E7084BFF464660ED62EA50A3E5B25	0.6904994419642857
C6DAA9C00A1830A5EBCA7005133F09A752D874A2	0.563995361328125
CE6B8CD68FC8B370AFD8BB240155CFF44D76292E	0.745556640625
88ACB075DF4CE636FD85429403B3A77807F75F75	0.748046875
D25A7537A17E416A0EBB4BC069BEF9556BC341F0	0.7755126953125
69EE23210714A12FD1F6B5A02877BF86E4D50296	0.7224392361111112
6EAC528CE7EAEAC1E28C3ADBE3C73499EB28947B	0.7867431640625
877548157814D32101952DDA06FF006F86263227	0.7425537109375
B4EA5C98A797394C80D114D4BD9D1F12E3920CD4	0.765380859375
E88E1E3589BA167743FC4B1D75EED22940E8D8BB	0.57861328125
3D00CEAB4E56332927A831A1776F1F491AAF3D79	0.6990234375
D3D48001C7210A93DAF672F4A5E150456F64CC89	0.777734375
A46E8814C650D7BF5866E0BD9D100F05909A37B1	0.7471788194444444
0C4EA933A27173347BD71A04596B9D69F035A385	0.2595738002232143
050FEB10799A9A6E4C845E15AD46542346B16966	0.75341796875
35266257D8A3B72C92499DF237049DAE10FE13E4	0.44317626953125
08047A242DCB97B6EC77A71C408E07B31FADF5F3	0.5312848772321429
510B442E6821B89689019E9A4CC6724398E4EC9A	0.2725441672585227
9819C4843CC7A829817E10721F7669ABD83E040E	0.81494140625
9A53BBFA1A65F6FB8FD51A5BB5E04CC408AE3826	0.6207682291666666
07654C2493EFF45177FA7F7F75BC6074CEFAFCF5	0.803466796875
519623AE107A0F842F8331FCD2C11E42D36D23A1	0.6591796875
72FAE26EC983FDD3E41A05C2E1A0DA897FF8D709	0.7979329427083334
C4A0D135449EC924F47A870A853DF437CE2B6147	0.7589518229166666
58BC8FBE01714F686936366D61E43D5B39ACC915	0.77041015625
38DE12EAC8A982C711DDCA549C95A132092C7B43	0.6783854166666666
A1A4AF9268569B171F5AA7714FE77BA8C0DD60A5	0.79254150390625
B71E41998AD822EE5593AAD186C1CF2AD447F13C	0.7591145833333334
61CD59228714D87A80AC9F799D5D65634C79BF2A	0.6365966796875
7872104E99507DAE489DE3F20E3770893D7513DC	0.704296875
5E5C32F790E2FB1B05FAF7CCF6A7326CE551E09F	0.80791015625
7935BCC13D3049061D19A6C34A03DD5319616338	0.6827799479166666
134112B5D9DD2E12CDE90A831C93828664B66CF8	0.5938720703125
67139CEA992B4FE480FDBCEE400AB5FE374DED1E	0.71064453125
0826A0F7282AD8C7F726F14EAD14AFE3F501FE6C	0.5992838541666666
BCCCDDF24DECC5FA02002180627D358813998C19	0.66259765625
520263F7BEB0645F3D2718AB9EA25222FBB673E3	0.7946428571428571
C483ADCA142B303831160ACCB459F2ECDB4862C8	0.8102678571428571
AAFFDEC17635139589667350708B1364BAEE1312	0.7705078125
AA6098F24364FBF42AF41166802F65A72B54B7D4	0.70634765625
21E12E1B64C11DA099207995D2C362123869433D	0.6688232421875
89655CAA043505C0F1EF778CBF11866288D1E501	0.57232666015625
15BE46405ECD9043F6F52473B02A84DB412718F7	0.7179361979166666
CA4971CF25A047ACDF590F36EAA1004476676AD5	0.7635323660714286
342220C9765702A416A55CEB357CE2787A6717E4	0.6849772135416666
4FF0ED53BA40ECFD9111B39CFC8751996A216405	0.72890625
2F8DED92085F1721F21E5D0B8B3FA1A99B1635CF	0.742919921875
C6A5EA4CE38585972888E31387265A545A95CB05	0.6434733072916666
8B8E5F2947C9875EFED8553EDAE85EC8888E01CF	0.6548828125
8BA91177AA8FE79310C51F9658E734E902E1F5A3	0.7471516927083334
68F05F1E9658A5767BED88FEDA4A4291EADAAEF3	0.6451526988636364
A88F90E28AC27DEB34FB75EB924FC098CCA35508	0.7020263671875
6890E6EA492C44EAE93CD29CE584090AB1F318A7	0.29269554501488093
02B2C470F2AC9ECE56091E3474181230B5655BD8	0.7129603794642857
21EB3172F9FE906D4E861696284AB3A662EC64F1	0.7710774739583334
DECFAA7841A59A953ACF65BD65716FD9352C25CB	0.8443080357142857
D05EF8E2B34B889A6A242E91E50E3BCB4DE63D10	0.8159877232142857
DB787CD13A654E50984F5FD2D03A05873EDC1DA4	0.6985677083333334
A9D325856869EC8B61351AFD574C43ED25CD8D21	0.7353515625
CE38257115F73D7CD5D71EEDCCC26FBE73C26383	0.81488037109375
8AFBF10E5269E89EDEC229C32D3892332A21AF4B	0.6824079241071429
23F742879C0C60EBF818DCD12BA71655AA758E42	0.684716796875
313055FAE800B44FA5D3FC25D27BF23FF13B1FCE	0.7573993389423077
566C7D382E81A13334C6EF67796289EC210F0D45	0.76806640625
A01283006935B4F6245965F00AEBC70C0EDA24AB	0.78076171875
A6D1F44EDF22B2FC22433079778E3C098C0B52B2	0.5531005859375
D8A521C6B5BC8CC4B15AC2C57CC945E6BFA71A49	0.714111328125
8A0A8608D49625B46A0A574066306A07CE373F43	0.69501953125
E73E8E561705A181229766F428E7B9E6D0A95473	0.58355712890625
B592D6AE144D4C343A21EAB3B16735E9DBF40C3B	0.7643694196428571
69F464843F8BB122F674E0C7CF67EFAFF951C68D	0.7005208333333334
1F13A70651127767ED53C1EBD55C5B618819A3A9	0.76708984375
1C979952D7A1735E28AE6A6190774D770C23DEE5	0.7915482954545454
0DD14D1494528829B699898E86C0908EBF0306F3	0.6805013020833334
3B70F6181D701204A963F9DB73AF61A1E178947A	0.765625
D020E757FD8F0A1A1D46BA2A692D90F8C5CA0A89	0.70831298828125
CEC489F70909F8CE0BA12CC17877355E49B7C991	0.704833984375
FD7ED2077EBBB4F13D2922E67973DBF5E4BF3950	0.3173828125
191B8C7BE6A475C15A7CCAFFE547BC18883C22E6	0.7546875
6DAA5ACAAE87DADAB9C4782BBE2D9B65E883F690	0.78961181640625
295C05A0A9382D17D4FE3599CAF3D1B5D4906D80	0.763671875
49A3472AE76B727940302B5714BBFA35F2E26D80	0.818603515625
51CE9508D3F20C70B3F751C249A17B3FFF8A88EE	0.7950846354166666
4FE475B21602BD0BB2BF2E0EAA7286249714542A	0.7395574396306818
568C0529E242652CAE3A1F90D8FDEF3EDF867B02	0.2751504221270161
F20F96611CBF14974D52EA7A5D295428871D8404	0.770751953125
AD47A761D47654231DCE873666306B283AB2CAD5	0.7562934027777778
7208CC607476C6497944198F37367148043E6ECA	0.75146484375
2B3DC4BFE475F4D34FD33E0E9787982D01D6D4B2	0.4410807291666667
E609050F31903C9BB603308300ACD3F78A0498A1	0.3319905598958333
BD8DAB61153E92DC139FE6D43CDD5D9B4C7662C6	0.716064453125
C027EA9C36F963EABEAE11D271B8ADDF9EA7D7C4	0.751708984375
76146FEAC653664234A95871BECD0339D545D310	0.65283203125
33445ADA9DFD808D720FEFC9A08B760B11E6D211	0.6626953125
485BDDD250585DE028767C6251F7C12AE7FE0E65	0.8396809895833334
DF3154DEEDBB60CF5F1AA67694F81E02F4BC8F62	0.5390625
EA8BD990B7B2D502937EC313E418D82343680BC7	0.6729532877604166
D59F1614A29AB8379E0586667F284AB039AB0B8D	0.5878248948317307
4E01F801E52E5EFFD6CE1C90F0F0D702123E7DC4	0.705322265625
8DEED8BA5B3346C714B17EC1B7BE98F414756A96	0.48043387276785715
0CDEB07C932E0ADDC90532F601EAF4D895773FE6	0.7811104910714286
63B6886CF3C1092B939ADFB880522FCD7375F471	0.8368443080357143
40A3288A7978D1E3712205726613B438CE62B61D	0.74267578125
BA60B3E762D096F4C2637819F1E39878416F4413	0.616259765625
458FFB16957E76A60B87D2D7BFCA34B27E8894AD	0.6769205729166666
CBD6210970C2B257491EFB035FD93708E819E25C	0.6328531901041666
7D2ACBAF40B6FC268C87D547A31B90FE524274D4	0.6936279296875
9D16E410CFBB2D40B9848D56F220FA0D6E2140D3	0.619580078125
A888A5B513EF2F82AA0728A747540DF5B2D6902B	0.7297551081730769
C4292D401FE7BB049169A283EC3E7B1BAAB11271	0.5764973958333334
851E3441371EFD66BE63198AA8D33DA388347025	0.641357421875
2482A76BB3FF3A80535A6C6111E240B70986ACC3	0.7906494140625
314279F875EC05A5C1FF5A9249EB5CDF16BC79F6	0.7596028645833334
C208F5E5F07EBD5AC8E8157D0396DA6E3D7E5D2A	0.7625
ABC50BE7611D725993950D94F4E64BAF7C32D526	0.6746761924342105
30291ADB89BD5BDB7CC7EE936B7C043CFF27566E	0.7384033203125
7EC28ABBDDF4677A6FCB8E719C033FCBED43C77D	0.7547607421875
5C43E07F8D4B53F3FE67E70AC927A8D9A480DB42	0.6795432350852273
D8A7D224526F7971512D9B4786A924F12BBB567F	0.7496512276785714
EE65D160BCBF0E3591D8DF7B2B8F31C89309E73B	0.671728515625
77DFC9F1A5EA418623FB3B54DFDF971B7D815A3B	0.7643229166666666
9D924D6C7B217B1728685E10D2BAE42829C455E8	0.6522216796875
64D3BA9F012FD0FD304AA5D2E58B083EF0F15528	0.6477399553571429
C8A8F38B471C2405FE6155E9467D537E9F757836	0.7730189732142857
876F185FA05E09A5591D080659E25EDB5F8435B0	0.82220458984375
78244FE5ABC191E6D3B1870F0E6531D17A610B8D	0.67265625
5CFC92FE888A76BEAAD36FB05E79320A8BE273E2	0.53173828125
2BA04D122805C70C70083F8323238C0F6F6B6A62	0.5753173828125
0CA22F9181406345228F8DDB62DA87BCD8585AA0	0.5824381510416666
B20B12D841AAD7E5954B8B741E3A70F9B05FCD19	0.72509765625
80DE1087A8E56B69D9354FF015188425613D9622	0.78369140625
158944F394AFEDCFBB8EF221E52FF687276EE798	0.764892578125
B4B4AC393D269529232AE6862BA67E968DAFFC68	0.47762625558035715
B09178A599E063BE30CE36C72D9AD8576B2EBFE1	0.7936197916666666
4FB7F71AD61A0C418EA5AB16CF8E365CEE12C901	0.6460182883522727
A694C680210306085FF5299FC1B61A23AD6C3D82	0.7887912326388888
8BB8DA22073DDB1E05350C6A8E4F5D4AB1FF3F6C	0.79296875
4EBDCE4FBD6CCA1EB70FEA224897D28849B1C587	0.58203125
8EF027F863A409C0C31495831A775DEB9F20B182	0.7445591517857143
31CBF6FFDD64EB037F793B2269D66F90F8541D4D	0.7819010416666666
A76090BB16495F2790BCBE237E98F2340267384E	0.7216796875
0E7A354BC7A20B96D7DBB7332E484BF3CA11B817	0.7208426339285714
EF47B23E94B4DCFCABF565E822627F0A6D9CAFD6	0.7625325520833334
EFDA2F2BC72C9A81ACD7773012A3D5C00D3F58D8	0.598297119140625
4A6E5D52BCDF48CAF7F2011DBAE5D87F27F1CC58	0.6621537642045454
8A0C5B7C09CCF583397BB834717DD746AA28297F	0.797119140625
A6FBAAC433C968EEE137084BCEB7A26199707FDB	0.7847900390625
451C86626179A17CCC13ACCCE699A1A2EBDFA996	0.8343331473214286
214BAE4F9BD6F445C6E086D7CFD8EE8F226EF96C	0.7763671875
AE8D80B3EDFB878D88499F55FCB1EE90C8D2B037	0.633544921875
35E6986E366B1200FABEECFD3ABCC699AE9F2B6B	0.60595703125
43724B4A047CE2814E495DAD33BFCBF4981F97D5	0.6258544921875
F874D957B52C7F6DEB30D1C29397DEB34D5FAACB	0.5311279296875
78FDDB91490094C75017FC14CA34E15FF3B309F1	0.773681640625
38FDDFBE22CB798F720EA85C649F8C4C2D639E27	0.678466796875
BD445581960A3536B37159AF4CBB0EF5DF50A4F8	0.72099609375
AB5A68A3B542CD9B89E97EAFF10C1EF8005E58C0	0.641796875
7B050BC5B4F953A86E7544285581C361A653DBB1	0.7289341517857143
BB68F47D36641B1C1B2A5234113D5F42C767443A	0.7464735243055556
CC16931C6FD0FF139437E912167A1C9968B6F916	0.7369384765625
7BA00345EA183DE38811E22C7B2EEAC31267F568	0.639984130859375
CAE54557B1E2A86DBC15F82226FAFBB4CA82CD41	0.71160888671875
67AC75B006510744DCA01B94376DC773636484E9	0.793212890625
307D667B6BE7BFAC7E2C9967A084E9C0F29E4264	0.4957682291666667
B010F68036BD0498E4B727A27F6E768874C7C798	0.795458984375
BDB10978E6D58B4F5362DB23283A31F0AA9561CC	0.638330078125
E37415A5843B225AE517BF0EB6D9409CFDC6E367	0.6682942708333334
7CC4F50B4BB5A1385672B948EE1936C1F792F485	0.7943115234375
48608161302FCE7389EE92952A54C0DD2365916D	0.7603515625
EA364CF64304AE0D26EBCE6B757322FDAA928AA0	0.4629720052083333
D8FA9E096D17365F5F947CD738A150DB139868DA	0.7191162109375
C5C4FADCF4416CBE389C0E599D99CC09AEB57A2E	0.712158203125
9DF92297FE48A412679B1A66305915F08A0887F5	0.5892740885416666
9FD411FFEAC9215714E779CF60AA854192138F92	0.6619466145833334
1C8B03D24C10CB61949F8C01F3E274370D080FA0	0.77392578125
48AB20E0A0EF67CDBE62A11567E6E8E490DF0864	0.6597377232142857
738B83AACDE051A35C3B999EFF0CF8A009504B1B	0.8302408854166666
4CCD988824C49D0FA9F49EAB9E6F4405BC93FCA9	0.78056640625
A65388F69A313012B9517D6241E933C0E69B832F	0.7825927734375
86FCC8246EA72C933A3D4BA70417B3E31FDA0C94	0.796875
937BDEB80EF087FA4AC936CA6168D519B4104278	0.8228515625
FADCAC80B8C7253CD5E1C651C7137BE003752D5C	0.6775948660714286
9CF56A9EF70D6BBAEF08C93AE92612E76EF1DFE6	0.717578125
8AAFABEB8EEAE372E57CAC7628C280BD6FD42379	0.7859235491071429
7F4620C6A1BD86592B1400875EED53436B6D54F9	0.6142578125
BA69A53A52E2D0DD2538C8E7799804D26EC27810	0.62421875
B095CB44A57654C10B2812D00234DCB9739B7076	0.80029296875
4BAF61B8D65B76F04487BDE0CD43859DE5742911	0.575592041015625
0DA2F92083E1FA58601364E6E5A56923E4930495	0.6897786458333334
F72EA4BF52B358AAF58BD488D3ED8ABFB61DBB77	0.7560791015625
1C887A0305E0244A30A617967A5D8EDEFB47E44E	0.72283935546875
05F55968BA102CD8D6829C02EB09508E1002A4F2	0.69638671875
E613AAD502B527B0A44907BA9426D9991F958D16	0.7025553385416666
2511A30C5E2A473CC129E5BB2462710BDB9D1E4E	0.6382921006944444
A610FD0EA19543F7D05CE6169E938AFFC770EF99	0.5927734375
69DE943B5EC922B750C0627741B3096FC688F136	0.803466796875
202C15DE0868E7E5838E8245934064BD24BC360D	0.8099609375
457B30E7A2BBEB7293FE50A4A672FA8CC8EFF725	0.7151692708333334
99A27410CB6E83690959BA9D9A48818921E97CAC	0.6922200520833334
45E056F0CD22D7989D3B2F69066DA6FFE73E579C	0.8565266927083334
C94323C12FEFDB7E81BDA958925DED40C10C0843	0.7557198660714286
0E4E8AD8D037D8FCB0C79C48FCEE70A2F427A2AB	0.26348876953125
BB6E41867A672FE45ECD7BC5D24C6DD5419F7C11	0.62421875
020FEA70B0BCB0BA2706224A237AEBFE8D03E1E0	0.7315673828125
DA6B54D494D1DA8D8497C2D20E84B38B7CEE73B5	0.6840122767857143
8AF04A158773F36891C9434758C6335102245194	0.7981305803571429
686AC230A580980DEB4C68CEA2FC434F085B426A	0.7609049479166666
B8E50621B05795A2EEFED6C2369FC5CB5102938E	0.76455078125
C3C1149C3A902D874BDB5FD755CF3E249A7CEDE2	0.7227450284090909
D8528984BEE9BEC85297DE7E0F224C19301D1CF8	0.7892252604166666
0A111DB6E6E184B38918267BB40E5770BC514712	0.7705620659722222
5307F82F9451C43E2A7E2B18F29107F045EE2E31	0.72314453125
3492F80DA9F54759A664C60051CAEFED5ECC0086	0.7839704241071429
60CE568366F3CA4C8D4FA72EEFDB83D262A91CC4	0.74755859375
276D34B8C5F78E1F0E8D1DAEBF771349D681A2CB	0.553515625
553F1BC9B1396040B681B41D9ED2EDF7C86CAFF7	0.8234049479166666
070D4ADF6523788445627BC7F56CCD4D1F548DBC	0.8036411830357143
BF327A69FA57A4892DCF06392A0D49F9A1B70C44	0.7166015625
948235FEE18BD6C9C275B1519FEBA03785FBAD4F	0.5595499674479166
A2037BA726D90CE1A2488E10D1F66AABBDCA25B6	0.76171875
A001A464307874C81C124B79C594B349227E8EE2	0.7347935267857143
BFA94F1C5A82DB4A7D607D4EE42EBB3909AA0A8E	0.8013671875
CE7D84C691D9CD71E3BD6A814765B4F942316DAC	0.77020263671875
92AA205F747B7B61AFDA6BDC137DC4B68C1268E9	0.80657958984375
83ECBDAD02038CEDC35C7CCBE1D1E05AA3DEF8FE	0.8116048177083334
D1FDD1661844DCDCFD854AF7F43F1B1E6F603B0E	0.76812744140625
67B2EC6E660A419B8A9B6C63B32230EB2144D81E	0.6826171875
941C5115719629107BF170F10B6AFFDF8703A2DE	0.3415662977430556
985B994AE47217A4EDA6BC0A3EF0FA6CF91253CF	0.7787272135416666
8FA8D70C9A68BC5A351E4A2F29B2F72A0DAEA35D	0.63232421875
98A50AF9159140E4095EA361B1349A1FDE0ED7A4	0.7070688100961539
EE0C7889DC427B3E9CD4049210507DE43C05888A	0.79931640625
254ACEB80B25919ECEBDD0DB357E2B3DAD3AB5A2	0.79580078125
05462089E9D06E55E6BEB0BDEF351D66D2011797	0.62158203125
D5F3BBBBE5CE0D5019F4F274E37A026CE33FA71E	0.8177897135416666
78B073CD85E545898DFC736A4C7E626C301A72AF	0.71923828125
7192ADBF7CA5D38BA3D1B68692CF1CF81E0A1547	0.674365234375
45A0E21BC2B2BC4AE7AC78327077BFBF3FBEBA06	0.4681884765625
5B1A090226888DB885EBCDC62704C0882B3150A8	0.7619140625
9405C8631001B057FD29FD29ABCB84780AD7F9F5	0.6707356770833334
3F21D19235FE7F1C48931A8CDE7D6B996A55ACF8	0.6754150390625
CCA695F189C8B62CB9F087107F4774D7F9AFEB1B	0.6954345703125
7F3ABAE5BE0ACE7F4FBE0684BCBF27013A0C4FA2	0.775634765625
E788C978708920600D66CC6E0ABD7BD7786B5474	0.76959228515625
B55E610EA3494B204AC04ABC4434CA1179BD87EF	0.75634765625
B175B63E445836E199E2950317160493086AFAB4	0.6778738839285714
3E0CA3796B564544A4C1DB705CCF12395B20EF64	0.6609584263392857
9E55998A54E7D87CA19AD1AE7C0BCFEAF9C1AEF1	0.7246636284722222
23EFDB482E0A82AE032B78BAAA3259685687F407	0.6128743489583334
3E1980D7F90A8F33396C15CEDEEB3429AD98178F	0.6441650390625
F956041FE72E7103E8F8A0A37C3AB51D72A124D9	0.76689453125
03AFE6515AC5E0B33E986AADFEAF248B4008F313	0.7074497767857143
DC0BE6383B9BCC05097C728A7B62B03B435B273D	0.7083565848214286
FFE47D4C9FE10277BB54ED3EA8FA9076463B0E9F	0.70400390625
DD4931835F81D976C94D69681CCA58800ED23D42	0.759765625
5D249A03C52CA74FD5092007AAC4721EC26F772E	0.4549560546875
EE389274C1A8DF3780ED2B1547C7B97DBC23135D	0.7376708984375
3BF7F051763B7EC4D27F77901D4D11BD55BFB5DF	0.6224288940429688
4878FB1657D659456B3073F164F2FD6162EABD42	0.5501154119318182
46A05E776D5809C756E0255684D8646CFA60CDFE	0.7333984375
47C3C40E635ECEB0E1CC4F2DBF9757D5F062CBAF	0.69921875
DC364922D92C7AFEF0428E52F128BF4014D8FA01	0.8008355034722222
16343C696A2692ADB62240EE8542DA0C561C53C1	0.6356201171875
BAAC3791BF4C7ACB1BCCC9D39932784B5032F0A3	0.65390625
9C6F7A231FE661A06E05AAC968A15AA20E422F6A	0.75625
53E5E626834FE7983A4DFD53FECB610387FCD259	0.6729736328125
750BFA7C14837F17409742B81E8213AC7CB62AF7	0.6421712239583334
5A1B1DD7760D752A6EF4596901BA8FFBB4DC6C57	0.5296173095703125
ED099D60415408AB43E5D5149C8DE06A399A4D91	0.6185546875
1DE96787AF62650A0C2B05139083E7FF49EDE924	0.7607421875
FACD9DCAD87119E33E2078108B9137B7A49E09BC	0.7813197544642857
28CBA4FA8084610C2C14B06E1B478F315371F986	0.7705078125
87CABA79EC4AEC028BA8E6EED519F5BBD5050E8A	0.5821397569444444
ACB7DFEE879EDB7938BAC024534A629E7B1E2CDA	0.7926199776785714
4F9E1FC2FE4A541649E0882FE948B38563F479C4	0.7196044921875
1CE2D720B85DAED37B9E55396E610926C7D8CB94	0.6904296875
E4746D3039103505D37C76ED0E47564D385B4D50	0.7177036830357143
25A507459D5E52C1FB6C191AD48F45F8D8230DE5	0.4337565104166667
BC24C72272711FA95442D72E12F9A9B08429DB0E	0.7765066964285714
7BC9B5B905C96612EAD80E92E831CFBFBC7B2E0A	0.654296875
47ACC644734403E2ACC21AD8B1402A0E38A9C28C	0.7609049479166666
FD8901CAEFBD09E822C2420674AE0A698AE7F261	0.734130859375
5134D089049CB0E99B20D6047AD09F0BFCE8D873	0.68125
5C874FD9F2D781D92058BC05249C5F425D7C32F9	0.76513671875
189A513C27B95458E6B50027DCCC08405D298B1E	0.6610107421875
875FFF1B1E264D5D5290E36E4F04F75253C3A005	0.695361328125
50AB613513FD9516136C563F51C0762E5085C636	0.779052734375
FA1C1E5B6FC149581E6A3C576CFA5C488F994B94	0.7950846354166666
0796254AC329F36DD23821A905F3BC190D951C61	0.7106119791666666
E053AE86790818DD4A97759BAA9F5754CE092BAC	0.6376953125
2C6DCAABBEA89798D5C4667A4A74B171A4CC5EBF	0.7772216796875
8428DC562673CE92F2E65948557DA0273A00B2F0	0.7459309895833334
09510F5BD182BCA8A80604E2BB8E44E92380EC61	0.7555803571428571
25EE19FAA7981B56C5FB6123B2B1D08D6EF0D2F4	0.7260044642857143
0F4A6315C3D17A21D0F58B5F766A55997C09724D	0.7516043526785714
290E515A5E055AC86C6529C66665989C5DF60DF9	0.6241455078125
2FDBD1E9D5C47314E4C0DE1AFF54D551AB00DDF0	0.6984049479166666
C486E13624D0129C6A2DFE557A963CA7ABB5AE0F	0.74169921875
FB9A3C2490E87F537F0C4CFA7BFD027B2DC8E56C	0.7420247395833334
BDB2EAE477A57399E4E19A18CEFA34143A80B079	0.82177734375
984D3C62CAFB12373CE2FF869FE6866AD45593A5	0.70888671875
85E418FFF7EB48211D353055A6C3CA281B95A1C8	0.6570638020833334
70FC72DF6A9D189C6405C1B38F2AC0F3BD523B00	0.85888671875
C578AD16354F0CB9CFE7A1888761025859579432	0.7581787109375
1F04B65CDC9ABB469D83AA5B5F02B1EA3AEF8ED0	0.5514264787946429
604AA52EFF99EE507BDBA557491CA9571E340CF4	0.8474609375
F05763AA6318E6054AAD42BA663694B08061FC93	0.7508138020833334
21A334BD07C3B4B38BE31BB83FB7D08259AB70CB	0.70908203125
49133E6B3F65D54ADA87E3859A31817224DDC3EF	0.7638671875
DF76CB25B279622E56E34B1368F0C7CE97AEEE72	0.6837713068181818
BCDDA377FACDAB34E007597F53D12C440707258C	0.5578264508928571
248EF7485EEEC5EB6C7A0C3AC04C79E7BD4E08A5	0.76689453125
1E96E95002C465A3EE57CB0E226089753D34B328	0.7409319196428571
2149A87979DBD10F05714A62A7429AE64669C69A	0.79892578125
2A871E7485F72D7D9A5B46502BCE482C9A5DE72C	0.47431640625
FE6EBFF6036DCC250EB4C1B3B949070B53F5533C	0.6295572916666666
9C31FB37AB48D340929AA40EDEB29760922D3A8D	0.7850167410714286
48AE97BAA8E58AA36ACA01E9F85058B3E3FD8D53	0.7625
EC63258819C59AE456CFC5C18D03911665FA0074	0.6543212890625
01343BE4BBB688EDD9100B29297F3FE9386B4D51	0.575390625
2B74DE8B90BE0FD44FF0C523B4FBA107967BA9E5	0.837890625
A235700D1DAB972C1B775E8E059C98A11AE1BA41	0.4382731119791667
B28E36720B5FD2F9743F57E3504DA2C61730FEE3	0.6922607421875
0440EA1DD07C68159F02E61744D5ACF7C631B6F2	0.7176339285714286
B4D160B1F4396A4EBED7E5EC91CC19BB843E12F8	0.7197265625
A156B8F62286B1F9AECD520CDB0A39C1C26B49E5	0.84765625
9AFA5DA8B537074D4FE4F8E697B03DA404E753F1	0.6839425223214286
4CF589036CF4E62862F192B14E10DA355ED9220F	0.82672119140625
B906C547A791D161ACB0E95D48606522C9465B3F	0.8234049479166666
B909C08C9FFB6C9B4E704373A63555325EDCF404	0.8035481770833334
2782DECC1C5C18FD9E1C7CE4AC46BC125EA5B187	0.7810546875
E49AF76FC872C1ADB1175BA6C00FF3933BE5337F	0.73349609375
93E023D21B6271F496A12F9F79DCB2A5CB100978	0.71856689453125
C7816C9C06D0772ED4C4C01ABD837E0BD17607C1	0.71728515625
E8568865F05E3135778A31E397B7B345BDAF54D8	0.8068033854166666
C64AF4097210ECA86D8F406501C8D285CD158AE7	0.7638811383928571
31C225693701D56E0CC7224D9AFCB5D4BD68CDA6	0.6592795632102273
25096BA872A29F1E9752BD70EF3B54FB3FA92DF1	0.657421875
4899923E1DBEE69F03602E2D53C959FB2E6FF5C8	0.7235107421875
FF01D14604453307B3CB83413167B9C63C375254	0.651611328125
B8E722DD00DCAAFBF240FA7594F56FB50DDA0EA8	0.8416341145833334
A3A846620186F31487B1872DD2439D1D7B19FEFF	0.799609375
25F2D73CF725C5102FAB5A3919E320300B175067	0.7484130859375
E4B12EEDD4350BFEE29E59791E87444693C49C45	0.69091796875
59D6FDE83B2253D70152E6C9D6F3F141DDD05D39	0.69677734375
1D5ABF04EC188464B4A411F231C6080EFAF27037	0.5443522135416666
85C0F9E139CAFD499FF4FE1B36B4CC783F6FB5ED	0.7763671875
07EAE1C3712310F87B2480965A048BBC9F4F022A	0.6393229166666666
8B94E93D581C8AAC6DB4E48ACDC0F9C5BA58D5AF	0.61346435546875
83FE6A2C2C88B64AF5E179C88E7549D2E9361FA6	0.7166341145833334
93C641E8E56556E40965F86B4990EEC602C8ECD7	0.79345703125
DAAA17B74AB5877008273DAC4886FF6B5E0A30CF	0.78662109375
CE26F5B4B07DEC1FD68D3CD2DBAF0684266F1551	0.39475795200892855
E5BCDFA494A5561F400BC67D0D563D4CF3F48749	0.7576497395833334
0627F1F1A43F1130579870D619611E30800EC667	0.4735107421875
C6D8BD8A9186DD1DD02158D30E2AB2414B172CD7	0.68369140625
527A1919B87580E1C04ADB752E72FCB2B2EB62DA	0.742431640625
25A9B1B8AA1274D8351626B353DBEA158D4DE55A	0.7215576171875
C1BD1BAB5821217AFCFDDBACFD06B07B8F2E67ED	0.7657877604166666
BA44F254113FD382A87175146C1512B1FE36BFC7	0.773681640625
0B8E200EE2F1D5E3560BDBD00A240792F4354D1B	0.5063883463541666
ECA8BBC943F85C5A896D093E1C77E33379A5CAC9	0.51959228515625
2B916B6197BFCC951D55C834FBF01F081E06592A	0.71337890625
F3B69E62A410C315E472963AC370BCFF009D4B0B	0.739990234375
F46858FA6FEF746E8C1B9D5D6F69B814DD7891F7	0.689208984375
564C2F7B84762A52B83E5A7F4FBA246499459328	0.674072265625
92D03B9654C45174ED0BD99954CB5EECD5211982	0.81181640625
0374045627D5D6975B181863AB6D86CC7FD30AB4	0.7682756696428571
1099CD2B265EA39E967A6D8DB4F4ECDF2A155D13	0.630712890625
AACDB3E65F16F47B2FD68933555F7990BE58B08C	0.76162109375
31DAC1FD076F49F410CC2D67A67C88AD56444DF7	0.70111083984375
CBD86A9A1D1DE6277F9F910CA7A76998610477DD	0.74248046875
7866CF1676E4CE4336E4C0987BA436E5FE8F9A00	0.7974330357142857
B6E1B0D3569D8E4794A2BE018FB2DCB67FFB836D	0.6917724609375
413567CAF77AB707714954B0F947855E5DF6D897	0.8414713541666666
A53764D3A82BEF0325E5B74D8EE7EDE1C91E4F6E	0.4829915364583333
18D1B712873C0A95CDF8C6E1C41DE239D0E8A33F	0.493603515625
777E89250C345FF053DF7ABF8F9D2A665FFC4A66	0.7203125
0CC1F83296DFF0348AF8F28D5F9633F0C80DDFDC	0.55340576171875
3ECB1F4C65CE2CC123DC0936816F96711921C5EB	0.69677734375
B84CC348D30FBD59C581B2D4E2F7A21BD3DA04CA	0.73486328125
9484EEBBAD6052D5297E3FC18FC76A0A281FABF0	0.8411458333333334
B1185D057A1440FACB5FEF6C95604968C3AA1156	0.693603515625
4371AFB284C582054DCED1B3CD0D39B9B16A1550	0.8026899857954546
F2ADAF6C6E963CF2205F75156BE47CFBD0BAC3B3	0.798583984375
190DB15595CE76055F8BDD6058FFFE96D0D47254	0.7306640625
878F8BDEF513ECF7EEA9E31A4E134F67D68317AE	0.7105712890625
42006BF3ACED5A09A5DCECC3AA5513332C740BDC	0.6963588169642857
97F99C7605A2846E11DCCE5A290CA1BAC7234A41	0.61328125
C3808EAF0AD75A77A7D45D38AE8AF5DF40FAF269	0.7569986979166666
D93172C93484347FCCBA7743548E4B894CA9CFC7	0.65791015625
D3BB0ADA38F10B8EC64466BB0A6E41A3FE056267	0.8482666015625
0265E9D6B0BC8DBA28CE2A06590E58E7C97EF675	0.6693359375
1F1521589757400CCA6FCC7430A010A64D873294	0.718994140625
14C0B7A873CAEB2D2DB7D862388F2B764EEBB27A	0.6466471354166666
D6FFF300809CF44BBF4939111E04869881EAD43A	0.6683756510416666
735EF63A2897A16907F2E38B47A8C36E9F580ED5	0.69814453125
12BF4BD18B671F10521E04CC8616D7D5BCC23AD4	0.6015625
8D9D103024793195DD202E804A7E40D6428D929E	0.803369140625
67C14385D42960216B949EBC296478175E50F580	0.59521484375
E0CA56402CE1701629F6F189CBE680AAE9AD7CDA	0.7818359375
9516F75DC329F817173F2046DA33EFA1DB071BCA	0.78251953125
FE117719A757E82BE82B68C0DAAE6AFE89525C76	0.80084228515625
3C69E10F35722B24C894DFD3548490FEF28042C8	0.607818603515625
158898F5625C60BEAD1070BE43126FAB9D96495E	0.74169921875
6079DF4A81A035C2F3F40BEB8C0CE6ED1EBBEDF6	0.7490234375
8137B459BE0648A20E6DC050AE10573889785E16	0.7862723214285714
8BC7851B9D7DE688B43FCC265C3F4F885168D8F6	0.80712890625
64AF2B6C9ED8D7B0057C5D5473505F10E6A8F864	0.60543212890625
FFFF072DCF6E97ED78AD9FCD8686A09F85094042	0.6894182477678571
28C993A8680DFF47367AC62935B32397F821F365	0.651953125
9B02394DA56433954B030B693F165C2FBB7E9998	0.7561848958333334
81E190C5140CCA4C975E24AD09D661E91DD6BF63	0.75823974609375
0930A323647EE54FB87CB157775D454BD010080D	0.74725341796875
009D9818BFC50E542E15332E4B1710A3E19A8624	0.7393391927083334
AEBB675CA086B2B4062D524266F8E98B76A95DAF	0.63828125
23F504833D64C8342C608706171F42A28BA9AE0C	0.724853515625
2C34447D033CA225FA82C75AEA12818703BA6353	0.63134765625
9079A5FB9CBC6F42F7F3AB98DA2F0967D5BFE610	0.6947265625
44F545DC53E8BDD8F13BEFFE851EAF949F63C48F	0.7771484375
B508FFE327DDA9F153194E00503F54430B1C8510	0.775390625
EBD57F41347E79907340D2C5C81D7569A1FE822E	0.5582275390625
707AB85B3578A3497BDB4D9FDA9BC070E788D850	0.615966796875
495E425C0F50A739F0551994C367E49BCCC81850	0.72578125
6949F1F464C489F2F46F44C8ECCE717667F3EA1F	0.7481166294642857
3E4FA61B4D560398D9C86C33D1408B1FB186F2FD	0.43206787109375
DFD4FEBC11C4B5521298880455D1FEEF348B3511	0.63251953125
18989FF988AD1541A71E94D1EAB32AFF410FB7AB	0.7235107421875
DEFBCE9309B8B0D5302D20DD8F3BE1A4A38921B1	0.7934027777777778
9222A6D719040C1600208896DD329A5D8F15AF8A	0.6896623883928571
299FF7A002C8FF8C73BF6220CAA3585958585070	0.5831124441964286
4A4491DC18ACCFC4EA45EEB6143466CA166EBE8C	0.58798828125
B39510BBEBF1B887490F0C130AA68B547B64E6D2	0.712646484375
EDB6F7A64112E9A62CA1B110BB83983AB923ED8E	0.82421875
73102F5934235E803BD0F1EC75C980348BD66814	0.765625
19A2C853EA8C3D4AD0EDEEB5130336F0EF2B83A4	0.64755859375
261C0888B7AF9A0051DFE736589CB4B76C3F75ED	0.477294921875
704FEAAEB23C67B50374FB5C90BDBD2FDAC2C217	0.532861328125
0EDB5C6F3DAB9861C287F9398719F66CC6F208A9	0.81171875
1D9896A2C39F81DDCF98504EC7C053F0D5EBD1FE	0.6029163707386364
2BFC245C19B3C9247DA6279C75AF697D9E9B17F6	0.7406141493055556
F57D96C0F9F6A4D530551900526174ED8C3F67DB	0.45302734375
3FBD06704F929C6B0F9A5620465A5452D2186B95	0.7730034722222222
913334BCC5769CC61A7F779F7DB5A6AFAB72A78D	0.497589111328125
6C261CDD9584B642817722894AFFFDA2EA3F6F27	0.832373046875
F46CFFF199545C8FCC20C9A9D7925FE9F9AEA5C4	0.7723214285714286
D61B134BD60238CB4FEE24DD4FD7DD9C97152570	0.7832845052083334
37DB80560939373B33FFD44C2D21B3EE04BE4C2C	0.7511393229166666
928BA72B281CCDBCB7AA0820164A10326068407E	0.6612955729166666
ADB19BFA2AB738ED3A536683D2D49D6484D9583E	0.5203450520833334
442679892D0DD3FEBABB7F5270C961AA6023A120	0.7783203125
4FAECE6320508BA667DBFCFD24CB83002D84F66A	0.7520751953125
82280A2F669D2A97277F62DA1179534106B0A2E6	0.8072916666666666
D102FB8748D3265D77A202FF468C5F6A2C1D4D55	0.63916015625
5052D49B0E6654716295F805A0778470E5A319DA	0.7437918526785714
D3A08281D883D6A1729C16B2DE04D909F7AFEFD1	0.67462158203125
FBB7D4AC3786180AD0ED16C8E30BCD1F317F5731	0.6128278459821429
706B6696AD57E281C6912BCA6C2E20E78BD79471	0.6195882161458334
670653D071BABE2456906991050824491A96F6E2	0.678466796875
D214DDEA1C7258FD6D8AA90972790D9C0C27685A	0.7796875
EE0E93A4A20665FFDF4EF2E2726EBFF7720EE9BC	0.68408203125
AD771496A1EAF7A9ABFDB4357AE9DEF09A09EAAD	0.602508544921875
FD09221699428AD5FB86C69B5A573D77367D4D54	0.6985677083333334
1B32664BCE6867878A012005499C3CE2D92E483B	0.7556501116071429
66122445677CCB1331907B71F5129F9A1CC182E1	0.602294921875
AB2F161BBF32447BB3EF1603FAFC914B7D6DC59E	0.79833984375
19CF689A50A59B4B88F0BAFCD8C4C00C941058BD	0.7193359375
99568E397A61E7CDCD9ED4DDA38CB614302F9A8A	0.6255929129464286
95C1A907EA005D256BC1D04A1A5082D643ACB71E	0.617431640625
54D0B00B9CF6FA5AFF99C924439EC08732EB8E53	0.7811279296875
F537ED8913FAF54D7D3F1E2EEEE0943CD62395B2	0.7591378348214286
0D90FCDB87C1D29E6E7B4E50456D96599B98C32C	0.6524658203125
82B239C85CC492F6DCC4F66FD3E287CB79252B86	0.703515625
E51C35501F95ED5A6044A968FA95F6A4A3F8BEF8	0.6526828342013888
1E0370D0A5235EC1C36AC4F752CAC508E2203421	0.68515625
FA75440B476B005506FFEB4405C10B7A579950A1	0.703125
703E94697915C092EB4449CE29CAFFDF383BBF13	0.8186848958333334
0D7817B274A61FECB322CA5C645FF60B11935E08	0.51318359375
9C9A555AA9A73E4366AB25A731AF3B177CA67DCD	0.75927734375
231BF400690E2AAF6FC019820FCAC41923D4054C	0.7350260416666666
9B84E672CDDC00DC03D9D5AF5A0193479C432C7D	0.6671630859375
52D6C91698479F8DAA9E589F1916F19B58BFF8EB	0.82366943359375
A3797B3750054468C9D6D32DBB3A6CA2332BCCFE	0.67470703125
E0F7E11DB6B9991B5AD0E094FDBC43CEC5B25DF3	0.7102864583333334
679030D9EAC3677CFD1D15EE1AE7C03728502004	0.6661105685763888
7B185903C9B95BAA55740FE8AF34C462B86E922A	0.7041015625
2F92515D1666115E34B154CEDEBD0F2C98D66A57	0.69853515625
1043DD6842325A26AB65ECA9E40F7B57BFFFB812	0.8280436197916666
BF521B8155D9F4B74D7B29A4ECB1227B5C8210B5	0.523193359375
30E55062D7D7C87AF62C530AE0E17D49AFF50095	0.5990234375
2D33841EAC42EC1EF21B016FA3300EA41C01E647	0.78486328125
BC2D9E2FB4C1FA57138FE47795818D17FBD47C14	0.75439453125
526597C434E28C33D8B3EF388575E0A913FE802B	0.8062220982142857
91ADC0BCFC79580DBA19B65458A3B5EC28C29602	0.6448567708333334
A044D655801B99A3C6FFBCAE43FA9708844D49AE	0.6230690696022727
35982EDEC33E25955D77DD64143B5600935CBEAB	0.7340494791666666
2E80DD4BC1A8F8FFE746612C3F536CDD7F4563B8	0.73115234375
940564CB52D009B31C11B58DACD766E75F0E9357	0.7220052083333334
64C641FB173DA43F93C4B81A2512304CEDACC27E	0.755859375
F86FA68AC1BBB41E1EBD3F4716B30CE532C5DECC	0.73968505859375
083AE2DA198BFC540FC27B23F63123D82D77DD6E	0.8010602678571429
C6FC7400BC4D31F464D3FA1E228F55B828F75EFB	0.796142578125
EB9DA37908D87FDA83A7B88B9D383E2ACF151F19	0.630126953125
1EC6EADEEA38377A888BD05BE563A4A2735A7911	0.66064453125
C6091E1A2FEDBEE8E78D37E3415F4C623E020BA2	0.6775774274553571
8142AF8B71A9FA54D62BFF62C58E7349C13CDACE	0.7172154017857143
C4FA30AFD37B09B12E1F068347C4208189D1D816	0.62099609375
90E151E7A327748030EF80C285E6E881FF4DFF7C	0.60693359375
B74FCB7DC3BB888CB4BB1554848DD9012B1E5854	0.80322265625
AAAD672BF5096D32E5632DD705229BCCA32792DA	0.7951388888888888
F1C25F02917E76E2583E01198F29F2E950723A23	0.736572265625
E757A648ACD07C32C95B69A5874F6E8C1324474B	0.8279296875
504723DDB8D17900C6E5C594C330F89BCA2F4C94	0.7982177734375
BE0D487EC72294AAFFA1FCF90F82666AF2B6E22B	0.82958984375
517981E969063184BE0D10FA0EA0BA042E8EFA33	0.75009765625
43326D20CBE9A663914A04F223C1CBF69219027C	0.8756103515625
00A3EED556FF9B67D2964F68028F890F1D8F43A1	0.6759033203125
4701CDE43407C2877F5BDA71757589DA919B597E	0.6851283482142857
64AB6E607CB079E8492620994031814041D05D88	0.7013671875
C73B8EAC5A45B1FC87A389FD573BA9164B26BA64	0.74873046875
D60AF1C67BB77C8E3ED941C574C425DAABFCE03F	0.670379638671875
7BA0994474C607E203824883167CC01156A00178	0.43720703125
1CB01EB408C5691254D7D97CB42D9DF7D4BB3711	0.6775948660714286
033FE6E9E35BB0F52FCDCE51935504D0251C3C63	0.740625
921B181C34B6240A247B4CE209E4B216561F5E3C	0.8395182291666666
545F15E87B5CF9437093A8EF7F650E6BBF8A1E30	0.7578125
1D480FB8E4293919D0D2C1AE609FE3A6716D79C3	0.6596330915178571
AD239CDC17BD22C8F232BC046A2344F215554875	0.8114420572916666
52FB1F5F4E8F576AC6DE08874AA14DA85ADBFE3C	0.6167724609375
9FEE9D4544C1224AA8D569145650FA72D5C8EE83	0.7224934895833334
91FA7BDFFA27F6F36C5A80241DFD4EE490F2CF78	0.792724609375
01B508E811978320734E3484B48925F672C30D02	0.6759502704326923
DE39B36F81E016F3AA610693DD80D0A44BEC8FC3	0.7762044270833334
B1DDE1C3352278FB2930CB67DC3013009A53801D	0.724853515625
3524D3E890BF23112037CD0789838F67EAD49294	0.68060302734375
37DCC494E950D262E770ACB63F0C46DE95C84E4A	0.7738037109375
0294F28AC95FEBB70FB232AA2FBD5790A7240078	0.509033203125
427AEB7963B1449BD19D9C3B51E95DA79F8BEDDD	0.7123046875
0FC59781F31FA099403A7B717A98F5166AA17857	0.8081868489583334
834920D46C23452418B5E0BBA74B58AC6E8CB2FC	0.65068359375
0C57BD2DC077E4E050938DC666499AD84C80AA3B	0.74993896484375
595762AF00A200569B2033F03F4AAB9C720A0D30	0.6788330078125
758898F7200BAD95B7E1A6DE4367847F0B314747	0.7428385416666666
910E784BFA87E9783556953F336A4982880F5DB7	0.7840169270833334
0631337F6D9CA37DD07264D6CAA458B3CB7C5043	0.7900390625
9F0F9E61C1D09D7131F084228B086C6C254AB25E	0.70341796875
BAC5FCEBA8EF5146727EEBF38C9AF963AA8C30E7	0.7033962673611112
F7B8F6ABC74DADD81AF42DB91A1A81D6A1ABCCDC	0.6722881610576923
C2C235C6029892190227EA05EB22B862F2E44A03	0.76190185546875
91E93717795BA75FF015638C835D27DB59E8BC2E	0.7223307291666666
5382FB5F41E00660976EC99C002E0288CBDA8E94	0.85341796875
9F43A726D69E16CF4D395D27285CFB51EB2AA1B2	0.6521484375
28E8ED569A25FE9629A89ED80839B60F3A9BBF18	0.83662109375
AA5230E8E58AEF22C25F985055643EB431D31704	0.7229817708333334
F376C42B9826CF7268D139D758FCB169A0A92095	0.764453125
58A4DB65680258DA24CE9AAA17E07362B6664A66	0.424072265625
C2B39A7BA754D2E6537C946CBA930846B02B0FDF	0.756103515625
614B050A64A7CFC3ACDC275EE56A63C310832B14	0.7071940104166666
CE9F5FE192D03715C2DB914C92419ACF4A50777D	0.708740234375
963FB17D93B2DF12A98DB693870DD7770F127CFF	0.7304354580965909
298DABA2B9C2A2D70EADA4091255C89D499C30E2	0.5270182291666666
74B8107545FEFC5C587D9396795E570FFBBE58A2	0.778662109375
6B828BD068D3956DE13E9B210E4FD324E63FC9DE	0.5693359375
E833F28B7DDF685194187847E5444D458D077576	0.7311197916666666
15C2AB4BCBEF95ED5A3DC12C122ED2D561FA18D4	0.8007114955357143
8A3DD244899D482E9D23DDFFEDA84C8D0DD9D1E6	0.6817801339285714
2FD875A7D493D2C1C3F4466C63C19E8119BD26F4	0.77337646484375
20608E24FCBCAB08A80DE028369033BB96B2EF45	0.6416015625
15BE9BC12E5917513887521B5C4F7B2320709C5D	0.8049587673611112
C7B7BC90DDF6A799AE7301E0AA45717A07358C84	0.73046875
33E73880629E017F47F67624FE331B560A895A09	0.752734375
3B3BA141129874B0E755BA31D7C7DCCBF5970FE2	0.7772623697916666
97CC371DB26B1C8E59433FB6FC1C3379FD7F7487	0.57373046875
538E5681284EF552EECA477252BF3F8DEC44AA53	0.6434326171875
632ABDD8566F6D91AC157BA2B2430E2679535D3F	0.4104156494140625
CF604E7B312DAC53AAB523B62448577A892AA2C1	0.65087890625
90E67ACCF9BB9B170D3ACE6E1B1CA924EFB27FF3	0.8233235677083334
D1B8B2DACB45E1BF328694AE18B65CF24C7601B5	0.77978515625
E63FAA34C7BF1F32975E70E151E13099C6FC2BAF	0.787841796875
3430904361101C944731F5E08EEBFBB820601442	0.7523018973214286
67DDDDEB9D254AA117932ACF7D26EF8900513360	0.74140625
695A7826D3C63138C6D9DD0EC1C314409AADDA40	0.6109483506944444
16BBE661B59B3BE83BB214C64BA3FADCC7C7BA4D	0.7904575892857143
92D846DEF8B48797E63602BD93AD37A0302E43FD	0.7802191840277778
07C99953C78E575F2DDE7368A65208DBAC0956D9	0.7816569010416666
9D5A95E7C466FDF7DF56DB65765CCD85A581245F	0.83099365234375
040CB5C5A47649C71C8061FCA89F4B775B82CAE4	0.8185221354166666
0407599EBAE5D7BB49FD3C8C86B70529B095915F	0.75732421875
FF6E086928AEF6F1DBAE4BF5EC81B46AAD43C74C	0.7291015625
D47B861122E12C4A1785EE38CA32ED1806EAC0C0	0.7421177455357143
4CD1377F2391FC6DC02B598ADE6D2DECF8F9558D	0.79364013671875
9D2109CA586BBCAD5FD069D6B07967F87B95D607	0.8212890625
16C82EE8348153CC79465DB356635F0F5EE9AEE1	0.7977294921875
A70E76911CB663C019CBD89D1C0B1FD0A8B94ACC	0.67822265625
ECB39CE15B771E0459C16705266C43A2E50F6D00	0.6673677884615384
829A9C923973318BBFEC4D010C73DC71D46CE3B2	0.6973876953125
656CFE2CD6C069CF0DBF626E11EA90C39A61FEFC	0.57705078125
3534F8D9A523B88EFA8CC25D3EF9DA2952B169E8	0.4548095703125
D9D033723726C10EB835755786A9AC10944D7D15	0.8103841145833334
B013E25D5DFD2C9C48FA121E936DC36DAA1DC0B5	0.7578938802083334
3F7C7EDD9E075EE635BE0B8CC89CE436B8A45DB4	0.7955322265625
DCCAF5E1A771515F45DB30FF07FD918160D2A118	0.7083740234375
949FFFF5945CF37AEF6970521A2BD3CA499DCD0A	0.6731770833333334
2ED7224A5E3A02F7B2A304164CC2C4C18856EECF	0.47734375
91AF1BB7E63EF749D812C0651D552DCA9A83FE33	0.735595703125
BD8F93226AD60597A0B73EC8B3FABF7F501AD0D7	0.63409423828125
003657CF1370D297CF29456245B748B69E9A609B	0.6490478515625
D2B07915CE8B7735FFC264F1B084FC45A7E19496	0.747314453125
F07DF0A59BAADBA8883C28D634A96BD6D8B8520B	0.7474365234375
8668638FD87E8E0C3ACC07D2A9EACCAB101882F4	0.7845865885416666
8F5CC0525160147EC7280AE4AFFD6E988BDFCB46	0.653857421875
6B224151DE4F881115ABD4C8C570D9831CD70491	0.80682373046875
92D24857DCD8D769998D7244EC6CD3564E98FFDB	0.77099609375
353F76ADC8D46E7FA914DC738C364D7AE8A26044	0.598724365234375
A23DFB7456D798F5DFC64DA28AC2BB080DFD9618	0.8283420138888888
077CDB97909546F5C7DD5FE7D0EC58A78333B378	0.6544189453125
209391F3B32371D9D74487C5C5E936B1D2E767FF	0.7065972222222222
311E84B2B11EBD036556CE5F66B055729977D93C	0.73974609375
291996FB506930E1CC8DE3EDE4FF9A058BFB634F	0.654052734375
F2ABD7802B789F2A190E662232674965EA1C577A	0.77972412109375
8147499CCC9DEFC2C3FA4D5001DBF2ECAEAEFFF6	0.691650390625
D9A49333BE4E859506798A8A0C238D318B544472	0.7109375
B9B2601C54363AE20A60FB686920152F8DA0A832	0.793701171875
FD871248D87B8D827AF01872D897A7CF877CE67F	0.732421875
B9AD3B2EA483F4F17748C1D451575728394BB80A	0.692236328125
0D720D1E2E933FC95F4C3EA25227C71F7B060BBA	0.63427734375
1736F5678AD2297586C8BFAB3494725620CCA21A	0.7432454427083334
2C40946EC0D28225F2BCCA0748C5B45FF3C4D494	0.729248046875
896106ED4417B9885A74BDE2CB53CEC309BDA604	0.62646484375
4577556D01D6C824CD59AEC83BF923B57F93F522	0.7273763020833334
4C116DC854D9696F1B3E04BC3AEF7067697561BB	0.80068359375
7B700A2DAD871B8225D43C87E819066230CF11DB	0.620849609375
6E04CD0EFCA9BF93E2FC18627F79E725A657D669	0.734375
74B792932E1FC0D258C0D4BDA9C9DFFBC79C816A	0.73388671875
F71AE30F9AF6E7D4497A2FAA2BB88ACA679FDD9A	0.6760602678571429
C14BE078CF769A87D14A100F05809AEB807FD483	0.8366477272727273
5A1421C6A7F86CB36827E611DFC733DAB10ED64B	0.6895073784722222
C9315F0A81AC0DE3867CE0F7CF33BE6277CA1D1D	0.75234375
CA7E74534AE85C8020CAFD0740DDC0F6B9A55AF1	0.77001953125
FC072E4E86A7BFAC881363D09CA04BAB71FF9D2C	0.77705078125
9307E1F83655A4199387FBC1CE23EF999DBF6819	0.7069498697916666
9F933A4723AB58E5FF2636E97AD29DF376CC24C4	0.58740234375
0A61D561C56C859508E2CF03B7FBCDD2E4073CB3	0.7755533854166666
0002E14600CDFAF87544A3EA24F10C98454FEF60	0.7398274739583334
ADE478F154E643507821D2E575927CF752D03A66	0.7027254971590909
209BD2FD987348AC2285E47ECB9BA8A59D06F31D	0.67498779296875
F1FA1F544FC659AA603604DF6CD035B402D9BD2B	0.8099365234375
296F3A2D657BA5D55C05553CB8F11DC1C5A8CAEC	0.65423583984375
95D6F0B6AF5071718A7929AD38E92A54F4E68C18	0.5294189453125
616313E18CB4789F2EB24FDD769135B0730CA0C8	0.7113037109375
C18088548215D15359324F565ED237FD9EE53704	0.8041548295454546
6959F82D48CB21522F806DA1162B41892398D53D	0.7320963541666666
78398DFA70140DDEFEC34FE8A71F5E70AE984E4F	0.740234375
05682268B1B22C0F37C853246467E08A10E6910E	0.58154296875
C6B1EAF48956FA8E9524972C428793F688351628	0.7235785590277778
76F37F4EC8D5D4F4473AAD428436716F4418582A	0.6373291015625
2A426EE3FCF7906F170AB69D41FA2EBD1385FC3D	0.699267578125
F30D691CD6797AFC4C1A47BA902B74BCBCE881D6	0.65869140625
D2112C422DF3B84F150FFDB79E9C346E573CC793	0.656982421875
64648A724ADB64578808E965328706FB838A51DF	0.648681640625
D627681676E931464920706EBBA6FC1D2A4380FA	0.7603759765625
93D9384DD9DEBDA54F147D1B97ABAB654734E6FC	0.7359619140625
83A7A1909C4FB6534E2C526938477F2EFDF77F91	0.6952311197916666
74E9B56E94D9F6EE41B3D85230FE6D1DA17940A6	0.6153564453125
866FEB32FFE91FE82A6A50FEFB7455A1BDE35D38	0.7190755208333334
B8FA8524A6AA3CA40E36DD23ADBA189DB1C97A80	0.70068359375
DF514BA05E9DEA8ACEE5925BB130B9FCC7EB0C1D	0.7499651227678571
A7E866020C8E0DC9934E03CD51F516E9B644D108	0.7705078125
FB2964CBD9F9B74C26F60E81730A4CE07B1E417B	0.74658203125
A84EB2ECD8D51D64BC4A62C2A58CEEB8B4D6C8FE	0.772216796875
18063E64E1929E2DFC78384C2C0515838DC4AEFE	0.572998046875
60862538446F3B04088BC0300291267C3E8FA198	0.397412109375
56F15B336B63BD145FBAECFD1E30B247B4DFCD76	0.8162109375
17323BC0FED7095CDBFCF87B325941372D6FFE4F	0.8228759765625
B597905C3D5AB7505B189E5DA8B698139B9F3622	0.4306862571022727
54A6701FEE8F63537F393F835F5AFC214092BEB7	0.7357584635416666
9339D894171CF733EAE5F5F86D026C827ECB9F79	0.73125
75558C8A9A6DC8D6E6BA88F8B01919EA09991C2A	0.64404296875
1B99DBE269A946F496649E3B921162A952939D1C	0.7733561197916666
B4A85CA8FE4FF43EFB4974C6EF96175B2ECFAC3C	0.6204427083333334
4C2149740BDFF5251CD19D344958BFA8530AB8C2	0.648773193359375
B8D053C2E309E53C8A24E8E4967F25C4ED7165CD	0.68572998046875
7A6460D68C552DAB56106EE10EA63D7822665813	0.7307400173611112
B28B6C65BD7CFCEE5BBA20678BC17B177C30B340	0.728515625
CCD9E77D70C0D0ABB4BD5704647D9E194255A70E	0.692529296875
807D5A7A07A9BBDB9D185CBB8271F79820FBAD25	0.708984375
7A0513E40A532B7F5D6D3C2717A5C91C77A404CE	0.8311360677083334
9E5C49FBC292F1C0205A5F4C30487275DCF471F6	0.7841796875
4DB72405DEE3B08DEFDD63E5FD0FC27F51C0D8C1	0.681121826171875
2F0A7AEAF5DC1A71AF264D6BF06941778F124B0C	0.79345703125
B1D2C0086ADC4A174756415EF257A625C86BC7A0	0.65594482421875
1BA317E42C3685BDBF059BA6A3F2AAB1001460A0	0.72662353515625
641D255B730C83BC8408C044FE20454E0F1B81EE	0.676171875
40CE1BD1996742CA83DFC1E2170A80643139AB5A	0.544677734375
82487834F0001B5D0CEA71F2D8A9B06C82DB1F38	0.7640206473214286
028FEA4BED26EA293A55A4E99D23736E53E69A3F	0.7404296875
0D176F53EB739060175ECEBCBD174F1B544E26C8	0.843994140625
B50CA096EA43D33E97C5440B531B526AEB8AA25F	0.68487548828125
5BC63D752B9532B49AA122E7A24EF9938BBAA75D	0.389892578125
5E107EE8CF9F2E3503EDBFF096D5D37895F3C5F4	0.3728841145833333
F76D688251C2791B26815930AAB3AF8BC4F5823B	0.7325846354166666
810F01595767645F2A0C0E8CECAF6A8580997271	0.759765625
46D792318A7A66C548064C4D98B2D8D07154A521	0.78984375
1E6CFCF6592EA6A5AA7540DA345F2A3CCCD71E30	0.6824618252840909
FFE8F5ACCC21A6171F815FB60D1306294F273911	0.4240234375
27D878C48376754756FFCB895CF92F86EEBF286E	0.80029296875
804D6BAE5B7EA2324891D51F9BB3AEDC14F39E9F	0.739453125
42B2CF2968F79C4EB070985C0F49BE94302EBD51	0.60894775390625
5DB39F6AD7A3B5C1B960CEDD9393876B80EA6F16	0.6796332465277778
52B01EA95BEA687003F2011499855462E37CDD68	0.7205403645833334
EBCA6FF21F3ADF124B9C63D783127319576B5D16	0.7177734375
2540786080F6BE360CD9BBDFE2ADEA45CE5B61DD	0.7203776041666666
41D009127997069E694BB20B299BE40471F8A1CD	0.5336507161458334
9744E49702052CE1484488B4B0F11AA5BCCA5337	0.7119140625
AEA97404B478F30DE4035C0BE16719881C63052C	0.49967817826704547
D640584C88219392F1B37639006320F72533862C	0.732177734375
0DBFAF4536ADB5582D451C5D82C36EB7F7422E55	0.7603271484375
9764A07006840D5838EFD6F2A1707FD5569DCDB9	0.73687744140625
326EE75A9D146B0677F32C38C7BF9671B3F202EA	0.7608975497159091
4463F5000B7293D9CDD194818BD676D54AAD5EA0	0.7669020432692307
64FF7818368FD16C09A652D0007E3EBE1ECF9691	0.746875
AC5B844952CAA6E03EB2D5C4895F69D3B9819C02	0.6429268973214286
EEB02CAC69E612E4134C41D42EC365EA6D80143D	0.6383544921875
AEDC581CA8D6AC62613C3F4045CB4AC5635E8AC5	0.7745361328125
B6BC9D5EAEDCEE10E4502DEA875E7D4893CEBF97	0.7943250868055556
F43B26E5461CCC73ABF0E2271A89D8B3F2A73E1C	0.7667236328125
A12F0CBF18B36E52DE84A6031EAC6C6516339A8A	0.7611762152777778
C759DCE3A7B9720FDAAC7A4B86B377308077D50A	0.8295355902777778
E5E12A22D9840CC08F32B4276EA6630916AA3201	0.6500244140625
EB85241A8C6378277217267A31B558D9B8DFA3D0	0.7196568080357143
336A29C6BDB41D532AB9D5D119842962479E6A68	0.8229166666666666
7F7DF12296B9B371614B6397A3F9FD5D72838153	0.8511439732142857
7B5FB8DF9490329989D0784ECD7D85B974C8A320	0.802490234375
87310CE9EFDFEEC2EDE3E4198BB0A6CB1B5D0C57	0.86171875
9E9566C89CC24A25CE8B912F6EADBACCBA348D1A	0.80059814453125
BC76CD8EA5FE49E85BBFFED86B43E0DAE63D7C12	0.676708984375
598CF354DDCDE0CCC68426D56272B97B76C389D8	0.63818359375
71F3134FE19E86D084F40359EEEEF305030D8D2D	0.7518833705357143
214FD7F9228C8BBA77E557B325B142B614318F06	0.6661470853365384
93D7A9CD6ACD752EA3C25C2856EE0F0DBDB31FA1	0.6290283203125
50593BA2D8DC2BEE55D6B5DA79C963CA589EC7DB	0.3944091796875
1883E97DFB46216C7343B2319E31E7BF99F9700C	0.423583984375
0AA03222A77085CDFF71E21986BE6FB7709396B9	0.6842447916666666
A8AFDD732B1D962088E04B1DC49992B8D24FADA5	0.8192545572916666
14B81C4753D71002E87BA5108FB904328ADC98D2	0.69462890625
80438901D45A07D12EFB49A2C2AD6AB115676AFE	0.73089599609375
0383BE8F04415E7090231D5AF511A35F01EE2F49	0.7567661830357143
016CF69FB1A99A624A4A8D2BFBF77FA2AE111EF9	0.6082319779829546
6A24B7C25B72BE19A61ABA66796B87164D35F020	0.61322021484375
AA3CF5597B86D6C5442880C3C5AA95B5A16F6F46	0.7093912760416666
F3D7DED6F41B16211483DFF84097C47BDF324284	0.7415364583333334
364334E8BFA5DFC1D1A60609D8312428387586EE	0.77349853515625
C3B344AAF596AD3553FA93DE18D05EC0D667F0D5	0.7313232421875
686134F253C3DB300DA99FBD8B955B1EEEAD0FC5	0.8296875
A08A131BB2193164141D4B124CB0CF40BF9341FC	0.6258138020833334
D9DD07F5162EED25ECFB3D0F7DFE35B30D022BDB	0.7605794270833334
D7FE77E5F0B803190F4D4BDF1B3C377214D7FF74	0.6534830729166666
64A2B1B5312AE1CF51793A86FE7C60AC33197AD5	0.7521158854166666
0DD258D704029242766BA55070EB045E94BA8CFC	0.6885579427083334
1EC411F9A07435F91BFE7448E80989979B664B67	0.6986328125
A8E727EEB7DA019467DF9AB86D9821E766C05C9D	0.714599609375
82197B5C0EC38EA2549D215D2EC795F85506EB71	0.7921142578125
6244B7A12574380E772BEAE5015111864ACDBB65	0.26470712515024036
7406DF8EF4AAA19E3658587A5AD5F610026BD647	0.2943996853298611
3A7CFE891FBFBFD9FA26EA63AEB11EF637396A4D	0.7292924360795454
1F489DAD77A52CD659FF340A48FD4465573A6FB3	0.7737630208333334
92FDACACAA0F1BBD6913E0C5111331AB481C83B6	0.8447265625
E3F77B9592B51B4FB0FE327ADB7E375C4ACFD33A	0.7505696614583334
8B70389F7C180BC22A423DED805087ABB047DB30	0.7410888671875
1B3C9A0582820211B101310072FAA078F98BA15E	0.7721354166666666
17346561568DEA8607CAFACCC47D2A821F3B0337	0.705224609375
8EDAE0D30529F7638C99E90D8A10DBBC87F20979	0.748291015625
30D8D284F0A80BBBC072C8D940EF7E38A8302295	0.8184814453125
CBF3533D4B08C474B5FC41792AD4F2ACCE78F5BE	0.739013671875
78F4D08CDEDD84BDECFF8AC4734615E41A16E13F	0.7977818080357143
68DCED8C44D857432B81BCF5BA9CA3E4A68B6810	0.68857421875
63C58F882B05F1BAD54314D2D0A1358C76937D48	0.6332194010416666
9A9D13A281D1F9D3C06218EB9B3CE7D1140E17AC	0.7456868489583334
3F9E41A413E614724541805E910A1977E49C3920	0.794921875
98FC8A9C29BB59697E738DC8A958D6E5F8F84AE8	0.6138361150568182
6DC64679AEA7FC76F31AD761362989B12702AF9E	0.73681640625
77B75C180E38320B85AB1574130A0D92851F6644	0.759765625
160EC1D3217DF47474876A2D722988FE122C2964	0.7325303819444444
032CF89C71E0EAA2F2019F3E72F329B4DF251B9C	0.685302734375
8F9DEFFEA3AD60544B707054EB8F04D8FC58745A	0.713623046875
06A3F45AC37961560F236221038FF57D30A61A9F	0.765869140625
408652574AA83182B855AE29B2EFEB414F2CC2F4	0.7688802083333334
676FA6E3FD55AF0EA928DFC2C138634D8D26039D	0.7528483072916666
F7E0608C2918A8183AD9A251F0DF37BDD06273D7	0.788671875
917DE5028DE822FD4BA65753E60C21E4ABAA240A	0.745849609375
A78E2181E50419798677501E82AA6860AF0C2DFF	0.6005859375
CA7C5EA85209B7D87EF069B9E83EFFDBA39841E1	0.7950846354166666
26B24A3B376BDA1760D5B307276F81A783025CB4	0.725927734375
1506E0F17F68CD254CA213287E176BFE0F8A0662	0.60009765625
588FD1801E4354AFE334FFE1151B41461A30234D	0.452606201171875
4CCE69D524F3D213EA154EC67F9A88666C2A66F0	0.69970703125
3A612CB962A31009109D22884161A0EBEE0358CE	0.7076822916666666
EE1BC80ACC29B052CD1F56468E31B60E51CD0A99	0.6376953125
E23B07FFED87E62C7280AD8D659B7B3E65A88677	0.783203125
D91C3FD9F99491636D0DD68E75711A82FC570DC7	0.34161376953125
518B7C0C6A69AB5283BCC743B739AD2A453F7877	0.734130859375
301282A51A65CB1948322F185D32557042D0ADD1	0.78583984375
92670CF381754D3AEC430C252889B90F2F42003B	0.7935546875
4CC2A1822498C19900A4F2A17D2F503C7EF860CA	0.733544921875
EAD28A9CFA106C2D4E909A329C798EA1E6D37C9C	0.6115315755208334
AE13A747A8C869AE9713FD805B0849D0FB8A93A0	0.77130126953125
3BB8C8C15ACA6BE1612BD3B917EA7D000CB6C912	0.8212076822916666
10842B75FA450AD08B8F63C02FC11D5D05AD61CB	0.644775390625
B5F36F80AE44A77836FB008CD13E7FC69DB0B7DF	0.7998046875
99DF6F3FCD01CBA12D98525104300B0E064DDC10	0.6572614397321429
F0ADBFC4026C5F5B21469EDD6B2D2232A9FA5FDB	0.86865234375
3DC059311559DB51E5EDD55B0B52F58EDB7835C5	0.7412109375
E49E197A3EB95739F89FD11A7F0A7A5C458A6F86	0.77685546875
38FC9B6E381A8E27345D7EE9836B7FF346DAF271	0.3248760516826923
29B8038A14CB594ECFC9F6659F73533A5035F6E8	0.78369140625
545B115594DD68A87F495C9E2994DF3B1B75D0D8	0.77001953125
F7E97E82E4D1137166BE9190BD838444681F578A	0.69854736328125
501F9EC5D4F2739CFCF1BC9CDDBE6A87656FC82C	0.83828125
00E0449153059CEBB6E158AEB41FFC4199D2AC75	0.6884068080357143
37B9F5C0419B8630098D145A268005CC1BE6878D	0.482666015625
2373E8317C8760D95E25319BC2776A7D1B304549	0.7197963169642857
7EF8C63C730CC5542A9ED43980D98D7EF5F9038C	0.5343889508928571
9074BBA6A8D62B07A5898A1E6A76F4703339D9F2	0.7117919921875
6989456F800CC3A62B82E76B2713C746A1AE7864	0.851318359375
C346BB1B7EE500882AD9FF30C62F5BC50A4717B7	0.59619140625
B652DE720BE484B78842B49A0D5EC5BA22D11EAA	0.74306640625
AC58E2D19CFDEF5BEA6AF389F0823E8494841AAF	0.46689453125
C4D5C75DAA7F6D0F94CFE39257CF32600393D372	0.3817138671875
0E3F3F505CDA3773531CE4C44A61255F40AE184C	0.69140625
EEE8A5F0081ECFAF3DDB6CB63568D76CADBA03A3	0.64886474609375
1086AA4F61C0F84BB2B8182A7259E30A76952E7E	0.555029296875
B3D12BA0C629E3EC26977F5F4024F5320B323DE9	0.7432861328125
4C862C1E50249B21B0F23BB5F2A7D4BB965D339A	0.55462646484375
0E27056CFF276A56602C153BB1A3DA85350786F6	0.42059326171875
6BCA736D0ED654D0325C0CCC1FA72DFBF14B2CFE	0.6399739583333334
889EF8DD83269D97E7BDC044EEB0E89920228B86	0.72216796875
B9A69D70BFE65FF6452852C07060FF398B74EB09	0.666015625
F7B05C27D59A7AADED4F38421FC3BF2E2305176C	0.6707356770833334
070760022AFBEEF816FB39EC2BD70A16E53E3417	0.5235053168402778
37B2F6BD980C6F819AA647C1924B1CFBF46524E5	0.6101888020833334
8FE93293E4396754F42E9962A428EED13DA8EB47	0.734619140625
D301BBD32A6EFA555DAEC93E0939BCAC8373E825	0.6725202287946429
A096FE4B411609A79B1FAE3C482D5BD53E6D2E50	0.6907552083333334
D2AD87D9780224F8351DDBDB27105B3C62478A28	0.61669921875
1E602F5E586BF9798F4758AEB4938AEB0CEADB0F	0.8108723958333334
F13DC64A8746E99947CBCB9ECF4AF341CB6B0A9E	0.73154296875
F5F80F06C2CB471C3934B3B034A80006E7854F3A	0.8118489583333334
EF81547BB878FFF2175C529347976AAF40DF9016	0.74017333984375
F7C37B078E9352E0F5A446FDDC6120D6F66C9570	0.8040364583333334
417FDBAD0DEA6B021EA0A00DD8174C7540EED235	0.59234619140625
628EE4D945DD776C83E49DDF9447A2A7014100CC	0.5950055803571429
C321F94C45337414CD724DC0A6F11AE83EA8884E	0.7681884765625
72F1CC06CF79CF8A07618296CC4D0D9A58A52A0E	0.7170222355769231
F0D4E05B000A8C4512EDD5D989B5B9E8D087923D	0.57529296875
AFF707A151F5E7224DACF1D01E1F4F3C045FF6E5	0.60419921875
